instance,k,fileTime,cleanTime,totalTime
./instances/synthetic/synth-n_40-m_95-k_6-p_0.1.txt,4,0.0,5.0E-4,0.0167
./instances/synthetic/synth-n_90-m_214-k_8-p_0.05.txt,7,0.0375,0.0016,0.0733
./instances/complex/biology-n_13-m_51-p_0.5-22,4,0.002,2.0E-4,0.0227
./instances/complex/ucsocial-n_100,14,0.0,4.0E-4,0.0017
./instances/complex/bitcoinalpha-n_400,28,0.0,3.0E-4,0.0017
./instances/complex/advotogo-n_200,5,0.0,2.0E-4,7.0E-4
./instances/complex/talk-oc-n_100,1,0.0,1.0E-4,4.0E-4
./instances/complex/advotogo-n_500,36,0.0,0.0024,0.0071
./instances/complex/blogs-n_300,36,0.0,0.0033,0.0086
./instances/synthetic/synth-n_160-m_683-k_8-p_0.05.txt,6,0.0053,0.0021,0.0422
./instances/synthetic/synth-n_60-m_226-k_15-p_0.1.txt,10,0.006,7.0E-4,0.075
./instances/complex/blogs-n_400,53,0.0033,0.0017,0.0484
./instances/synthetic/synth-n_140-m_1056-k_8-p_0.1.txt,8,0.0145,0.0011,0.1527
./instances/synthetic/synth-n_250-m_3161-k_2-p_0.1.txt,2,0.0,0.0031,0.019
./instances/synthetic/synth-n_200-m_2076-k_6-p_0.1.txt,6,0.0,0.0029,0.019
./instances/synthetic/synth-n_100-m_596-k_15-p_0.1.txt,15,0.0065,4.0E-4,0.2025
./instances/synthetic/synth-n_160-m_746-k_15-p_0.05.txt,14,0.0036,7.0E-4,0.1379
./instances/synthetic/synth-n_300-m_4553-k_2-p_0.1.txt,2,0.0,0.0024,0.0075
./instances/complex/link-kv-n_500,98,0.0054,5.0E-4,0.1366
./instances/synthetic/synth-n_300-m_9125-k_6-p_0.2.txt,6,0.0334,0.0011,1.6615
./instances/complex/biology-n_12-m_45-p_0.9-19,1,0.0,2.0E-4,0.0011
./instances/complex/moreno_cattle-n_28-m_217,8,7.0E-4,1.0E-4,0.0073
./instances/synthetic/synth-n_120-m_368-k_2-p_0.05.txt,2,0.0,2.0E-4,8.0E-4
./instances/synthetic/synth-n_70-m_560-k_10-p_0.2.txt,10,0.0015,1.0E-4,0.0945
./instances/synthetic/synth-n_30-m_28-k_4-p_0.05.txt,2,0.0,0.0,4.0E-4
./instances/synthetic/synth-n_10-m_12-k_4-p_0.2.txt,1,0.0,0.0,2.0E-4
./instances/complex/baydry,7,0.0,4.0E-4,0.0018
./instances/complex/GD-n_80-m_232.mtx,20,8.0E-4,2.0E-4,0.0123
./instances/synthetic/synth-n_80-m_343-k_10-p_0.1.txt,9,0.0013,2.0E-4,0.0687
./instances/synthetic/synth-n_100-m_1119-k_8-p_0.2.txt,8,0.0021,1.0E-4,0.1258
./instances/synthetic/synth-n_100-m_1028-k_4-p_0.2.txt,4,0.0016,2.0E-4,0.0686
./instances/synthetic/synth-n_225-m_1385-k_8-p_0.05.txt,8,0.0,5.0E-4,0.0016
./instances/synthetic/synth-n_225-m_2732-k_4-p_0.1.txt,4,0.0,7.0E-4,0.0026
./instances/synthetic/synth-n_120-m_1738-k_15-p_0.2.txt,15,0.003,0.0,0.4097
./instances/synthetic/synth-n_160-m_2776-k_8-p_0.2.txt,8,0.0036,3.0E-4,0.2996
./instances/synthetic/synth-n_200-m_4765-k_30-p_0.2.txt,30,0.0056,0.0,2.2951
./instances/synthetic/synth-n_60-m_126-k_8-p_0.05.txt,4,0.0,1.0E-4,0.0103
./instances/synthetic/synth-n_50-m_70-k_4-p_0.05.txt,0,0.0,0.0,5.0E-4
./instances/synthetic/synth-n_120-m_395-k_8-p_0.05.txt,7,0.0,1.0E-4,0.001
./instances/complex/health-n_700,126,7.0E-4,4.0E-4,0.0073
./instances/synthetic/synth-n_60-m_211-k_10-p_0.1.txt,7,9.0E-4,1.0E-4,0.0439
./instances/synthetic/synth-n_140-m_2487-k_30-p_0.2.txt,30,0.0053,0.0,0.947
./instances/complex/moreno_mac-n_62-m_1187,14,0.001,2.0E-4,0.0407
./instances/complex/usairport-n_300,48,9.0E-4,2.0E-4,0.0122
./instances/synthetic/synth-n_275-m_1958-k_4-p_0.05.txt,4,0.0,0.0011,0.0047
./instances/synthetic/synth-n_120-m_1485-k_6-p_0.2.txt,6,0.0024,1.0E-4,0.1202
./instances/synthetic/synth-n_275-m_2130-k_20-p_0.05.txt,20,0.003,4.0E-4,0.3776
./instances/synthetic/synth-n_275-m_4276-k_20-p_0.1.txt,20,0.0062,5.0E-4,1.1202
./instances/synthetic/synth-n_275-m_7787-k_6-p_0.2.txt,6,0.009,3.0E-4,0.7967
./instances/synthetic/synth-n_225-m_5734-k_20-p_0.2.txt,20,0.0129,2.0E-4,2.1239
./instances/complex/biology-n_30-m_287-p_0.5-5,15,0.0012,0.0,0.4679
./instances/complex/biology-n_12-m_43-p_0.9-25,1,0.0,1.0E-4,9.0E-4
./instances/complex/ChicagoRegional-n_100,0,0.0,0.0,3.0E-4
./instances/synthetic/synth-n_30-m_99-k_4-p_0.2.txt,3,0.0,0.0,0.0105
./instances/synthetic/synth-n_160-m_1318-k_4-p_0.1.txt,4,0.0,3.0E-4,0.0018
./instances/synthetic/synth-n_80-m_667-k_2-p_0.2.txt,2,0.0,2.0E-4,0.0012
./instances/synthetic/synth-n_90-m_450-k_2-p_0.1.txt,2,0.0,1.0E-4,0.0011
./instances/complex/health-n_800,164,0.0,5.0E-4,0.0021
./instances/synthetic/synth-n_90-m_863-k_2-p_0.2.txt,2,0.0,2.0E-4,0.0013
./instances/synthetic/synth-n_250-m_1569-k_4-p_0.05.txt,4,0.0,5.0E-4,0.0024
./instances/synthetic/synth-n_300-m_2234-k_4-p_0.05.txt,4,0.0,7.0E-4,0.0029
./instances/synthetic/synth-n_140-m_2195-k_10-p_0.2.txt,10,0.0033,1.0E-4,0.2054
./instances/synthetic/synth-n_300-m_2382-k_6-p_0.05.txt,6,0.0,0.0011,0.0033
./instances/synthetic/synth-n_140-m_2299-k_20-p_0.2.txt,20,0.0054,2.0E-4,0.7557
./instances/synthetic/synth-n_300-m_2418-k_10-p_0.05.txt,10,0.0032,6.0E-4,0.2033
./instances/synthetic/synth-n_275-m_3928-k_10-p_0.1.txt,10,0.0052,0.0013,0.261
./instances/synthetic/synth-n_160-m_3006-k_20-p_0.2.txt,20,0.0099,1.0E-4,1.1381
./instances/synthetic/synth-n_100-m_305-k_4-p_0.05.txt,3,0.0,2.0E-4,0.0109
./instances/synthetic/synth-n_70-m_157-k_6-p_0.05.txt,4,0.0,1.0E-4,9.0E-4
./instances/synthetic/synth-n_20-m_54-k_8-p_0.2.txt,3,0.0,0.0,4.0E-4
./instances/synthetic/synth-n_160-m_663-k_4-p_0.05.txt,4,0.0,2.0E-4,0.0012
./instances/synthetic/synth-n_90-m_248-k_10-p_0.05.txt,7,0.0012,1.0E-4,0.0093
./instances/synthetic/synth-n_60-m_380-k_2-p_0.2.txt,2,0.0,1.0E-4,0.0013
./instances/complex/baywet,7,0.0,3.0E-4,0.0022
./instances/synthetic/synth-n_200-m_2088-k_4-p_0.1.txt,4,0.0,5.0E-4,0.0024
./instances/complex/openflights-n_1000,228,0.0,5.0E-4,0.0036
./instances/synthetic/synth-n_100-m_1220-k_15-p_0.2.txt,15,0.003,1.0E-4,0.2699
./instances/synthetic/synth-n_70-m_626-k_15-p_0.2.txt,15,0.0057,0.0,0.2024
./instances/synthetic/synth-n_275-m_3851-k_4-p_0.1.txt,4,0.0,9.0E-4,0.0039
./instances/synthetic/synth-n_225-m_2691-k_8-p_0.1.txt,8,0.004,3.0E-4,0.2109
./instances/synthetic/synth-n_160-m_2720-k_10-p_0.2.txt,10,0.0041,2.0E-4,0.3127
./instances/synthetic/synth-n_250-m_6833-k_15-p_0.2.txt,15,0.0162,1.0E-4,1.6898
./instances/synthetic/synth-n_40-m_50-k_4-p_0.05.txt,1,0.0,0.0,6.0E-4
./instances/complex/GD-n_38-m_50.mtx,2,6.0E-4,0.0,0.0053
./instances/synthetic/synth-n_20-m_38-k_6-p_0.1.txt,2,0.0,0.0,6.0E-4
./instances/synthetic/synth-n_70-m_494-k_2-p_0.2.txt,2,0.0,1.0E-4,0.01
./instances/synthetic/synth-n_100-m_491-k_2-p_0.1.txt,2,0.0,1.0E-4,0.0011
./instances/synthetic/synth-n_100-m_319-k_15-p_0.05.txt,9,8.0E-4,1.0E-4,0.0252
./instances/complex/bitcoinalpha-n_700,86,0.0,2.0E-4,0.0016
./instances/complex/ucsocial-n_500,105,0.0,3.0E-4,0.002
./instances/synthetic/synth-n_60-m_386-k_4-p_0.2.txt,4,0.001,1.0E-4,0.0111
./instances/complex/biology-n_42-m_297-p_0.9-23,13,0.0012,1.0E-4,0.0894
./instances/synthetic/synth-n_250-m_3475-k_20-p_0.1.txt,20,0.0045,2.0E-4,0.9436
./instances/complex/health-n_100,2,0.0,0.0,5.0E-4
./instances/synthetic/synth-n_40-m_114-k_15-p_0.1.txt,6,0.0,2.0E-4,0.0102
./instances/complex/GD-n_180-m_229.mtx,2,0.0,2.0E-4,0.002
./instances/synthetic/synth-n_120-m_420-k_10-p_0.05.txt,7,0.0,3.0E-4,0.0022
./instances/synthetic/synth-n_80-m_753-k_10-p_0.2.txt,10,0.0036,2.0E-4,0.1049
./instances/synthetic/synth-n_200-m_2119-k_8-p_0.1.txt,8,0.0022,3.0E-4,0.107
./instances/complex/usairport-n_400,84,0.0012,2.0E-4,0.0291
./instances/synthetic/synth-n_225-m_2685-k_6-p_0.1.txt,6,0.0032,3.0E-4,0.1593
./instances/synthetic/synth-n_300-m_2479-k_15-p_0.05.txt,15,0.003,3.0E-4,0.2544
./instances/synthetic/synth-n_250-m_6353-k_4-p_0.2.txt,4,0.007,2.0E-4,0.4763
./instances/synthetic/synth-n_250-m_6538-k_8-p_0.2.txt,8,0.03,7.0E-4,0.8348
./instances/complex/openflights-n_100,8,0.0,0.0,5.0E-4
./instances/synthetic/synth-n_40-m_62-k_10-p_0.05.txt,3,0.0,0.0,4.0E-4
./instances/synthetic/synth-n_70-m_156-k_2-p_0.05.txt,0,0.0,0.0,7.0E-4
./instances/complex/biology-n_25-m_231-p_0.9-6,8,8.0E-4,0.0,0.0444
./instances/synthetic/synth-n_140-m_1028-k_2-p_0.1.txt,2,0.0,2.0E-4,0.0015
./instances/complex/wikispeedia-n_400,39,0.0,1.0E-4,0.0011
./instances/synthetic/synth-n_120-m_432-k_20-p_0.05.txt,15,0.001,1.0E-4,0.1062
./instances/synthetic/synth-n_275-m_2025-k_6-p_0.05.txt,6,0.0,5.0E-4,0.0025
./instances/synthetic/synth-n_200-m_2270-k_20-p_0.1.txt,20,0.0035,1.0E-4,0.4162
./instances/synthetic/synth-n_300-m_4844-k_10-p_0.1.txt,10,0.0082,6.0E-4,0.5321
./instances/synthetic/synth-n_250-m_3612-k_25-p_0.1.txt,25,0.0098,4.0E-4,0.7416
./instances/synthetic/synth-n_90-m_527-k_20-p_0.1.txt,19,0.0027,2.0E-4,0.4128
./instances/synthetic/synth-n_30-m_58-k_6-p_0.1.txt,2,0.0,0.0,6.0E-4
./instances/complex/biology-n_12-m_33-p_0.5-15,3,7.0E-4,0.0,0.0086
./instances/synthetic/synth-n_90-m_470-k_8-p_0.1.txt,8,0.0035,4.0E-4,0.0714
./instances/synthetic/synth-n_90-m_870-k_4-p_0.2.txt,4,0.0,2.0E-4,0.0015
./instances/synthetic/synth-n_80-m_818-k_15-p_0.2.txt,15,0.0012,0.0,0.2109
./instances/synthetic/synth-n_250-m_1694-k_10-p_0.05.txt,10,0.0045,7.0E-4,0.1674
./instances/synthetic/synth-n_180-m_1738-k_10-p_0.1.txt,10,0.0016,2.0E-4,0.5906
./instances/synthetic/synth-n_160-m_3034-k_25-p_0.2.txt,25,0.0025,1.0E-4,1.4356
./instances/synthetic/synth-n_300-m_5040-k_20-p_0.1.txt,20,0.0036,2.0E-4,0.8333
./instances/synthetic/synth-n_225-m_5854-k_25-p_0.2.txt,25,0.0039,0.0,2.9276
./instances/complex/biology-n_9-m_23-p_0.5-1,2,0.0,0.0,4.0E-4
./instances/complex/temporalGraph-n_400,12,0.0,1.0E-4,0.0112
./instances/complex/biology-n_13-m_39-p_0.75-4,3,0.0,0.0,6.0E-4
./instances/synthetic/synth-n_80-m_690-k_6-p_0.2.txt,6,0.0012,1.0E-4,0.0459
./instances/complex/chess-n_500,16,0.0,1.0E-4,0.0012
./instances/synthetic/synth-n_200-m_2096-k_2-p_0.1.txt,2,0.0,4.0E-4,0.0023
./instances/synthetic/synth-n_225-m_2523-k_2-p_0.1.txt,2,0.0,4.0E-4,0.0026
./instances/synthetic/synth-n_275-m_7607-k_2-p_0.2.txt,2,0.0,0.0011,0.0051
./instances/complex/biology-n_13-m_39-p_0.9-4,4,0.0,0.0,4.0E-4
./instances/synthetic/synth-n_30-m_35-k_10-p_0.05.txt,0,0.0,0.0,3.0E-4
./instances/synthetic/synth-n_70-m_274-k_4-p_0.1.txt,4,7.0E-4,1.0E-4,0.0056
./instances/complex/health-n_300,22,0.0,1.0E-4,0.001
./instances/complex/wikispeedia-n_700,77,7.0E-4,4.0E-4,0.015
./instances/synthetic/synth-n_225-m_2816-k_15-p_0.1.txt,15,0.0022,2.0E-4,0.3092
./instances/complex/biology-n_35-m_315-p_0.75-18,15,0.0013,0.0,0.3746
./instances/synthetic/synth-n_140-m_531-k_8-p_0.05.txt,7,0.0,5.0E-4,0.0115
./instances/synthetic/synth-n_300-m_2261-k_2-p_0.05.txt,2,0.0,0.0012,0.0048
./instances/synthetic/synth-n_200-m_1172-k_20-p_0.05.txt,20,0.0024,4.0E-4,0.1529
./instances/complex/biology-n_30-m_287-p_0.75-5,12,0.001,0.0,0.2088
./instances/synthetic/synth-n_90-m_504-k_15-p_0.1.txt,15,0.0014,1.0E-4,0.1501
./instances/synthetic/synth-n_140-m_2379-k_25-p_0.2.txt,25,0.0022,0.0,0.8643
./instances/complex/link-kv-n_100,8,8.0E-4,0.0,0.0058
./instances/complex/wikispeedia-n_300,23,0.0,2.0E-4,0.0112
./instances/complex/advotogo-n_100,3,0.0,0.0,8.0E-4
./instances/synthetic/synth-n_70-m_308-k_10-p_0.1.txt,9,0.0021,2.0E-4,0.1178
./instances/complex/blogs-n_500,68,0.0023,5.0E-4,0.042
./instances/synthetic/synth-n_80-m_780-k_20-p_0.2.txt,20,0.0017,0.0,0.3899
./instances/complex/usairport-n_1000,251,0.0015,0.001,0.0697
./instances/synthetic/synth-n_120-m_372-k_4-p_0.05.txt,4,0.0,1.0E-4,0.0014
./instances/synthetic/synth-n_180-m_1683-k_6-p_0.1.txt,6,0.0016,2.0E-4,0.094
./instances/synthetic/synth-n_180-m_1658-k_2-p_0.1.txt,2,0.0,3.0E-4,0.0019
./instances/synthetic/synth-n_100-m_344-k_25-p_0.05.txt,12,0.0017,1.0E-4,0.0827
./instances/complex/usairport-n_500,100,0.001,3.0E-4,0.0284
./instances/synthetic/synth-n_80-m_400-k_15-p_0.1.txt,14,0.001,1.0E-4,0.2389
./instances/synthetic/synth-n_225-m_2884-k_20-p_0.1.txt,20,0.0025,1.0E-4,1.2426
./instances/synthetic/synth-n_60-m_122-k_15-p_0.05.txt,5,6.0E-4,1.0E-4,0.0185
./instances/complex/biology-n_28-m_249-p_0.5-8,15,8.0E-4,0.0,0.3743
./instances/complex/biology-n_29-m_153-p_0.75-21,11,7.0E-4,0.0,0.1173
./instances/synthetic/synth-n_100-m_565-k_6-p_0.1.txt,6,0.0,2.0E-4,0.0017
./instances/complex/chess-n_100,2,0.0,0.0,5.0E-4
./instances/complex/biology-n_45-m_326-p_0.5-16,21,0.001,0.0,0.3092
./instances/synthetic/synth-n_225-m_2964-k_30-p_0.1.txt,30,0.0025,1.0E-4,0.836
./instances/complex/ChicagoRegional-n_400,13,0.0,0.0,6.0E-4
./instances/complex/biology-n_28-m_163-p_0.9-11,5,9.0E-4,0.0,0.0233
./instances/synthetic/synth-n_40-m_114-k_10-p_0.1.txt,6,0.0,0.0,0.0011
./instances/synthetic/synth-n_70-m_312-k_20-p_0.1.txt,16,9.0E-4,0.0,0.2709
./instances/complex/openflights-n_500,88,0.0,1.0E-4,0.0109
./instances/complex/trust,166,7.0E-4,4.0E-4,0.0059
./instances/synthetic/synth-n_50-m_320-k_15-p_0.2.txt,14,9.0E-4,0.0,0.0767
./instances/complex/usairport-n_700,154,0.0013,6.0E-4,0.1584
./instances/synthetic/synth-n_120-m_391-k_6-p_0.05.txt,5,7.0E-4,1.0E-4,0.0108
./instances/synthetic/synth-n_140-m_1047-k_4-p_0.1.txt,4,0.0,2.0E-4,0.0013
./instances/synthetic/synth-n_90-m_1019-k_15-p_0.2.txt,15,0.0013,0.0,0.1217
./instances/synthetic/synth-n_140-m_1070-k_10-p_0.1.txt,10,0.0014,1.0E-4,0.0881
./instances/synthetic/synth-n_100-m_645-k_20-p_0.1.txt,20,0.001,1.0E-4,0.224
./instances/complex/biology-n_25-m_231-p_0.75-6,13,0.001,0.0,0.2288
./instances/synthetic/synth-n_180-m_4031-k_30-p_0.2.txt,30,0.0038,0.0,1.9967
./instances/synthetic/synth-n_160-m_1412-k_8-p_0.1.txt,8,0.0016,1.0E-4,0.1173
./instances/synthetic/synth-n_50-m_192-k_20-p_0.1.txt,11,7.0E-4,0.0,0.0476
./instances/synthetic/synth-n_100-m_277-k_8-p_0.05.txt,4,0.0,1.0E-4,0.0011
./instances/synthetic/synth-n_140-m_1184-k_15-p_0.1.txt,15,0.0014,1.0E-4,0.1221
./instances/complex/link-kv-n_400,78,0.0011,1.0E-4,0.0289
./instances/synthetic/synth-n_50-m_327-k_10-p_0.2.txt,10,9.0E-4,0.0,0.0542
./instances/complex/biology-n_29-m_153-p_0.5-21,11,7.0E-4,0.0,0.0846
./instances/synthetic/synth-n_225-m_1390-k_10-p_0.05.txt,10,0.0013,2.0E-4,0.0735
./instances/synthetic/synth-n_140-m_547-k_10-p_0.05.txt,8,0.0,4.0E-4,0.0018
./instances/synthetic/synth-n_40-m_88-k_4-p_0.1.txt,3,0.0,1.0E-4,0.0011
./instances/synthetic/synth-n_180-m_3396-k_8-p_0.2.txt,8,0.0029,2.0E-4,0.3565
./instances/synthetic/synth-n_40-m_185-k_4-p_0.2.txt,4,0.0027,3.0E-4,0.0383
./instances/synthetic/synth-n_250-m_7252-k_30-p_0.2.txt,30,0.0059,1.0E-4,4.4487
./instances/complex/biology-n_22-m_76-p_0.9-9,3,6.0E-4,0.0,0.0061
./instances/complex/biology-n_35-m_315-p_0.5-18,17,9.0E-4,0.0,0.5103
./instances/synthetic/synth-n_120-m_950-k_20-p_0.1.txt,20,0.0034,2.0E-4,0.2441
./instances/synthetic/synth-n_50-m_90-k_20-p_0.05.txt,2,0.0,1.0E-4,0.0112
./instances/complex/link-kv-n_800,182,0.0049,9.0E-4,0.1431
./instances/synthetic/synth-n_225-m_1484-k_25-p_0.05.txt,25,0.0014,2.0E-4,0.4579
./instances/synthetic/synth-n_50-m_66-k_2-p_0.05.txt,1,0.0,0.0,6.0E-4
./instances/synthetic/synth-n_140-m_508-k_2-p_0.05.txt,2,0.0,1.0E-4,0.0012
./instances/synthetic/synth-n_250-m_1512-k_2-p_0.05.txt,2,0.0,3.0E-4,0.0016
./instances/synthetic/synth-n_90-m_239-k_6-p_0.05.txt,4,0.0,1.0E-4,8.0E-4
./instances/synthetic/synth-n_100-m_1009-k_2-p_0.2.txt,2,0.0,2.0E-4,0.0012
./instances/complex/biology-n_28-m_163-p_0.5-11,10,8.0E-4,0.0,0.0997
./instances/complex/ChicagoRegional-n_200,3,0.0,0.0,6.0E-4
./instances/synthetic/synth-n_275-m_8114-k_15-p_0.2.txt,15,0.0055,1.0E-4,2.4032
./instances/synthetic/synth-n_250-m_7157-k_25-p_0.2.txt,25,0.0102,1.0E-4,4.5128
./instances/synthetic/synth-n_60-m_134-k_20-p_0.05.txt,5,0.0,1.0E-4,0.0012
./instances/complex/biology-n_56-m_526-p_0.9-2,17,9.0E-4,0.0,0.2646
./instances/synthetic/synth-n_100-m_1129-k_10-p_0.2.txt,10,0.0014,0.0,0.1209
./instances/synthetic/synth-n_50-m_169-k_6-p_0.1.txt,6,0.0,0.0,0.001
./instances/synthetic/synth-n_40-m_194-k_6-p_0.2.txt,5,7.0E-4,0.0,0.0175
./instances/synthetic/synth-n_300-m_9999-k_25-p_0.2.txt,25,0.0119,1.0E-4,6.6587
./instances/complex/talk-oc-n_200,1,0.0,0.0,0.0021
./instances/synthetic/synth-n_180-m_3302-k_4-p_0.2.txt,4,0.0,6.0E-4,0.0028
./instances/synthetic/synth-n_50-m_71-k_8-p_0.05.txt,2,0.0,0.0,4.0E-4
./instances/complex/ucsocial-n_400,73,0.0,1.0E-4,0.001
./instances/synthetic/synth-n_90-m_888-k_8-p_0.2.txt,8,0.0013,1.0E-4,0.0884
./instances/complex/ChicagoRegional-n_800,41,0.0,0.0,0.001
./instances/synthetic/synth-n_140-m_511-k_6-p_0.05.txt,6,0.0,1.0E-4,8.0E-4
./instances/complex/advotogo-n_700,64,7.0E-4,2.0E-4,0.0062
./instances/synthetic/synth-n_50-m_275-k_2-p_0.2.txt,2,0.0,1.0E-4,9.0E-4
./instances/synthetic/synth-n_40-m_192-k_15-p_0.2.txt,13,9.0E-4,0.0,0.0449
./instances/synthetic/synth-n_250-m_7048-k_20-p_0.2.txt,20,0.0069,1.0E-4,2.9051
./instances/complex/GD-n_101-m_190.mtx,0,0.0,1.0E-4,0.0099
./instances/complex/temporalGraph-n_500,14,8.0E-4,1.0E-4,0.0078
./instances/synthetic/synth-n_225-m_2884-k_25-p_0.1.txt,25,0.003,1.0E-4,0.7172
./instances/complex/temporalGraph-n_200,3,0.0,0.0,6.0E-4
./instances/synthetic/synth-n_250-m_3681-k_30-p_0.1.txt,30,0.0034,2.0E-4,1.9147
./instances/synthetic/synth-n_160-m_1595-k_25-p_0.1.txt,25,0.0057,2.0E-4,0.6268
./instances/complex/blogs-n_100,8,0.0,0.0,0.0011
./instances/synthetic/synth-n_225-m_1274-k_4-p_0.05.txt,4,0.0,3.0E-4,0.0015
./instances/complex/GD-n_23-m_87.mtx,9,6.0E-4,0.0,0.0052
./instances/complex/advotogo-n_300,15,0.0,0.0,7.0E-4
./instances/synthetic/synth-n_120-m_1600-k_8-p_0.2.txt,8,0.0016,1.0E-4,0.2419
./instances/synthetic/synth-n_225-m_5365-k_10-p_0.2.txt,10,0.0061,1.0E-4,1.1001
./instances/complex/biology-n_9-m_23-p_0.75-1,2,0.0,0.0,5.0E-4
./instances/complex/biology-n_13-m_51-p_0.9-22,3,0.0,0.0,4.0E-4
./instances/complex/blogs-n_200,25,0.0,1.0E-4,0.0011
./instances/synthetic/synth-n_80-m_636-k_4-p_0.2.txt,4,0.0017,1.0E-4,0.0546
./instances/synthetic/synth-n_90-m_1018-k_20-p_0.2.txt,20,0.0018,0.0,0.6578
./instances/complex/talk-oc-n_300,0,0.0,0.0,3.0E-4
./instances/synthetic/synth-n_60-m_442-k_6-p_0.2.txt,6,0.0028,1.0E-4,0.0639
./instances/synthetic/synth-n_200-m_1063-k_2-p_0.05.txt,2,0.0,3.0E-4,0.0017
./instances/synthetic/synth-n_80-m_350-k_6-p_0.1.txt,5,8.0E-4,1.0E-4,0.0162
./instances/synthetic/synth-n_160-m_2705-k_6-p_0.2.txt,6,0.0029,1.0E-4,0.2202
./instances/complex/biology-n_20-m_125-p_0.75-7,5,9.0E-4,0.0,0.0367
./instances/complex/chess-n_700,23,0.0012,2.0E-4,0.011
./instances/synthetic/synth-n_160-m_1346-k_6-p_0.1.txt,6,0.0,3.0E-4,0.0017
./instances/synthetic/synth-n_275-m_2051-k_10-p_0.05.txt,10,0.0013,4.0E-4,0.0748
./instances/synthetic/synth-n_225-m_2681-k_10-p_0.1.txt,10,0.0021,2.0E-4,0.2602
./instances/synthetic/synth-n_180-m_3812-k_25-p_0.2.txt,25,0.0032,0.0,2.3667
./instances/synthetic/synth-n_60-m_110-k_2-p_0.05.txt,1,0.0,1.0E-4,0.0101
./instances/complex/chess-n_200,3,0.0,1.0E-4,9.0E-4
./instances/complex/GD-n_105-m_149.mtx,20,0.0,1.0E-4,0.0013
./instances/synthetic/synth-n_100-m_546-k_8-p_0.1.txt,8,0.0023,3.0E-4,0.0402
./instances/synthetic/synth-n_250-m_6557-k_10-p_0.2.txt,10,0.0047,1.0E-4,1.065
./instances/synthetic/synth-n_225-m_1470-k_20-p_0.05.txt,19,0.0019,2.0E-4,0.2549
./instances/complex/bitcoinalpha-n_300,22,0.0,0.0,0.0103
./instances/complex/moreno_rhesus-m_16-m_111,10,8.0E-4,0.0,0.0106
./instances/complex/openflights-n_400,69,0.0,1.0E-4,0.0013
./instances/complex/chess-n_800,37,8.0E-4,3.0E-4,0.0114
./instances/synthetic/synth-n_180-m_3254-k_2-p_0.2.txt,2,0.0,6.0E-4,0.0032
./instances/synthetic/synth-n_300-m_2429-k_8-p_0.05.txt,8,0.0022,4.0E-4,0.1127
./instances/synthetic/synth-n_275-m_7982-k_10-p_0.2.txt,10,0.0061,2.0E-4,0.8098
./instances/synthetic/synth-n_275-m_8453-k_25-p_0.2.txt,25,0.0069,0.0,5.6803
./instances/synthetic/synth-n_20-m_18-k_4-p_0.05.txt,1,0.0,0.0,5.0E-4
./instances/complex/usairport-n_200,29,0.0,1.0E-4,0.0098
./instances/complex/biology-n_23-m_166-p_0.75-17,10,8.0E-4,0.0,0.0886
./instances/complex/link-kv-n_1000,238,0.0029,4.0E-4,0.2365
./instances/synthetic/synth-n_60-m_196-k_2-p_0.1.txt,2,0.0,1.0E-4,0.0104
./instances/complex/biology-n_20-m_125-p_0.9-24,3,7.0E-4,0.0,0.0489
./instances/synthetic/synth-n_100-m_282-k_2-p_0.05.txt,2,0.0,2.0E-4,0.0015
./instances/complex/moreno_hens-n_32-m_496,11,0.0016,0.0,0.2631
./instances/synthetic/synth-n_60-m_468-k_15-p_0.2.txt,15,0.0036,1.0E-4,0.2713
./instances/synthetic/synth-n_20-m_59-k_6-p_0.2.txt,3,0.0,0.0,6.0E-4
./instances/synthetic/synth-n_40-m_36-k_2-p_0.05.txt,0,0.0,0.0,3.0E-4
./instances/synthetic/synth-n_60-m_207-k_8-p_0.1.txt,8,8.0E-4,1.0E-4,0.018
./instances/synthetic/synth-n_120-m_828-k_8-p_0.1.txt,8,0.0012,1.0E-4,0.0617
./instances/synthetic/synth-n_160-m_2910-k_15-p_0.2.txt,15,0.0071,1.0E-4,0.631
./instances/complex/biology-n_20-m_125-p_0.9-7,4,9.0E-4,0.0,0.0157
./instances/synthetic/synth-n_180-m_804-k_2-p_0.05.txt,2,0.0,2.0E-4,0.0014
./instances/complex/biology-n_19-m_99-p_0.75-20,6,7.0E-4,0.0,0.0633
./instances/synthetic/synth-n_160-m_743-k_20-p_0.05.txt,19,0.0013,2.0E-4,0.4498
./instances/synthetic/synth-n_275-m_4371-k_30-p_0.1.txt,30,0.0038,1.0E-4,1.4618
./instances/complex/link-kv-n_200,18,0.0029,1.0E-4,0.037
./instances/complex/link-kv-n_300,55,0.0016,1.0E-4,0.0329
./instances/synthetic/synth-n_120-m_791-k_2-p_0.1.txt,2,0.0,2.0E-4,0.0017
./instances/synthetic/synth-n_140-m_2032-k_2-p_0.2.txt,2,0.0,3.0E-4,0.0022
./instances/complex/talk-oc-n_800,4,0.0,1.0E-4,0.0012
./instances/complex/biology-n_28-m_163-p_0.75-11,8,9.0E-4,0.0,0.0279
./instances/synthetic/synth-n_70-m_159-k_15-p_0.05.txt,4,0.0,1.0E-4,0.0012
./instances/synthetic/synth-n_200-m_2075-k_10-p_0.1.txt,10,0.0018,2.0E-4,0.1956
./instances/complex/advotogo-n_400,22,0.0,1.0E-4,0.0013
./instances/synthetic/synth-n_30-m_28-k_6-p_0.05.txt,1,0.0,0.0,3.0E-4
./instances/synthetic/synth-n_20-m_25-k_8-p_0.1.txt,2,0.0,0.0,2.0E-4
./instances/synthetic/synth-n_225-m_5212-k_6-p_0.2.txt,6,0.0042,2.0E-4,0.4584
./instances/complex/Tina_AskCal-n_11-m_29.mtx,3,0.0,0.0,4.0E-4
./instances/synthetic/synth-n_180-m_855-k_15-p_0.05.txt,15,0.0034,7.0E-4,0.073
./instances/synthetic/synth-n_200-m_1075-k_10-p_0.05.txt,10,0.0012,3.0E-4,0.07
./instances/complex/ucsocial-n_700,166,0.0,4.0E-4,0.0026
./instances/synthetic/synth-n_275-m_4227-k_15-p_0.1.txt,15,0.003,3.0E-4,2.1061
./instances/synthetic/synth-n_275-m_2220-k_30-p_0.05.txt,30,0.0024,2.0E-4,1.0604
./instances/synthetic/synth-n_40-m_58-k_15-p_0.05.txt,1,0.0,0.0,6.0E-4
./instances/synthetic/synth-n_70-m_125-k_4-p_0.05.txt,0,0.0,0.0,7.0E-4
./instances/synthetic/synth-n_70-m_167-k_20-p_0.05.txt,8,8.0E-4,0.0,0.0354
./instances/synthetic/synth-n_50-m_302-k_6-p_0.2.txt,6,0.001,0.0,0.0254
./instances/synthetic/synth-n_225-m_4993-k_2-p_0.2.txt,2,0.0,8.0E-4,0.0039
./instances/complex/biology-n_13-m_51-p_0.75-22,3,7.0E-4,0.0,0.0076
./instances/synthetic/synth-n_80-m_167-k_2-p_0.05.txt,0,0.0,1.0E-4,8.0E-4
./instances/synthetic/synth-n_140-m_625-k_25-p_0.05.txt,22,0.0011,1.0E-4,0.3439
./instances/complex/moreno_bison-n_26-m_314,16,0.0023,0.0,0.0598
./instances/synthetic/synth-n_90-m_980-k_10-p_0.2.txt,10,0.0013,0.0,0.2216
./instances/complex/talk-oc-n_1000,6,0.0,2.0E-4,0.0014
./instances/synthetic/synth-n_140-m_542-k_15-p_0.05.txt,13,9.0E-4,1.0E-4,0.0745
./instances/synthetic/synth-n_60-m_121-k_10-p_0.05.txt,3,0.0,0.0,0.001
./instances/synthetic/synth-n_70-m_328-k_15-p_0.1.txt,12,9.0E-4,0.0,0.1163
./instances/synthetic/synth-n_140-m_2038-k_4-p_0.2.txt,4,0.0019,1.0E-4,0.0537
./instances/synthetic/synth-n_250-m_3249-k_6-p_0.1.txt,6,0.0,7.0E-4,0.0033
./instances/complex/biology-n_17-m_89-p_0.5-10,6,7.0E-4,0.0,0.038
./instances/synthetic/synth-n_300-m_9819-k_20-p_0.2.txt,20,0.0074,1.0E-4,4.1435
./instances/complex/biology-n_16-m_79-p_0.9-3,4,7.0E-4,0.0,0.0117
./instances/synthetic/synth-n_275-m_2019-k_8-p_0.05.txt,8,0.0014,5.0E-4,0.052
./instances/synthetic/synth-n_100-m_305-k_20-p_0.05.txt,10,0.0011,1.0E-4,0.0884
./instances/synthetic/synth-n_140-m_1181-k_20-p_0.1.txt,20,0.0016,1.0E-4,0.4424
./instances/synthetic/synth-n_300-m_9325-k_8-p_0.2.txt,8,0.0132,3.0E-4,1.2291
./instances/complex/wikispeedia-n_500,59,0.0011,3.0E-4,0.0246
./instances/synthetic/synth-n_180-m_827-k_6-p_0.05.txt,6,0.0,4.0E-4,0.0015
./instances/synthetic/synth-n_50-m_139-k_2-p_0.1.txt,2,0.0,0.0,0.001
./instances/complex/advotogo-n_1000,112,0.0,3.0E-4,0.0018
./instances/synthetic/synth-n_70-m_304-k_6-p_0.1.txt,6,8.0E-4,1.0E-4,0.0376
./instances/synthetic/synth-n_300-m_8966-k_2-p_0.2.txt,2,0.0,0.0025,0.008
./instances/synthetic/synth-n_180-m_3481-k_10-p_0.2.txt,10,0.004,1.0E-4,0.4174
./instances/synthetic/synth-n_275-m_2122-k_15-p_0.05.txt,15,0.0071,9.0E-4,0.2978
./instances/synthetic/synth-n_50-m_81-k_10-p_0.05.txt,3,0.0,0.0,6.0E-4
./instances/synthetic/synth-n_40-m_192-k_10-p_0.2.txt,10,7.0E-4,0.0,0.0334
./instances/synthetic/synth-n_90-m_216-k_4-p_0.05.txt,3,0.0,1.0E-4,0.001
./instances/synthetic/synth-n_180-m_1968-k_20-p_0.1.txt,20,0.002,1.0E-4,0.4145
./instances/complex/biology-n_45-m_326-p_0.75-16,18,0.001,0.0,0.2057
./instances/complex/biology-n_28-m_249-p_0.75-8,13,0.0011,0.0,0.2593
./instances/synthetic/synth-n_140-m_511-k_4-p_0.05.txt,2,0.0,2.0E-4,0.0115
./instances/synthetic/synth-n_200-m_1059-k_8-p_0.05.txt,8,0.0,3.0E-4,0.0017
./instances/synthetic/synth-n_100-m_275-k_10-p_0.05.txt,6,0.001,1.0E-4,0.0087
./instances/synthetic/synth-n_100-m_542-k_4-p_0.1.txt,4,0.0,2.0E-4,0.0015
./instances/synthetic/synth-n_90-m_445-k_10-p_0.1.txt,10,0.001,1.0E-4,0.0246
./instances/synthetic/synth-n_90-m_258-k_20-p_0.05.txt,9,8.0E-4,1.0E-4,0.0284
./instances/synthetic/synth-n_300-m_9694-k_15-p_0.2.txt,15,0.0106,1.0E-4,2.1422
./instances/complex/ChicagoRegional-n_700,57,0.0,1.0E-4,0.0015
./instances/synthetic/synth-n_70-m_303-k_8-p_0.1.txt,8,0.001,1.0E-4,0.0328
./instances/synthetic/synth-n_30-m_55-k_4-p_0.1.txt,2,0.0,0.0,5.0E-4
./instances/synthetic/synth-n_275-m_7697-k_4-p_0.2.txt,4,0.0051,3.0E-4,0.3235
./instances/synthetic/synth-n_250-m_1814-k_25-p_0.05.txt,25,0.0019,2.0E-4,1.5933
./instances/synthetic/synth-n_30-m_28-k_8-p_0.05.txt,1,0.0,0.0,6.0E-4
./instances/synthetic/synth-n_300-m_5197-k_30-p_0.1.txt,30,0.0043,1.0E-4,2.241
./instances/complex/biology-n_16-m_79-p_0.75-3,6,8.0E-4,0.0,0.0328
./instances/complex/talk-oc-n_500,4,0.0,0.0,4.0E-4
./instances/synthetic/synth-n_20-m_9-k_8-p_0.05.txt,0,0.0,0.0,3.0E-4
./instances/synthetic/synth-n_225-m_1352-k_6-p_0.05.txt,6,0.0,4.0E-4,0.0016
./instances/synthetic/synth-n_275-m_3808-k_2-p_0.1.txt,2,0.0,7.0E-4,0.0032
./instances/synthetic/synth-n_300-m_9436-k_10-p_0.2.txt,10,0.007,1.0E-4,1.3167
./instances/complex/biology-n_12-m_45-p_0.5-19,3,7.0E-4,0.0,0.0106
./instances/complex/temporalGraph-n_700,26,0.0,1.0E-4,0.0104
./instances/synthetic/synth-n_90-m_486-k_6-p_0.1.txt,6,9.0E-4,1.0E-4,0.0198
./instances/synthetic/synth-n_140-m_632-k_20-p_0.05.txt,16,0.0011,1.0E-4,0.1677
./instances/synthetic/synth-n_100-m_1235-k_20-p_0.2.txt,20,0.0019,0.0,0.438
./instances/synthetic/synth-n_140-m_2205-k_15-p_0.2.txt,15,0.0077,2.0E-4,0.5897
./instances/synthetic/synth-n_160-m_693-k_6-p_0.05.txt,6,0.0,2.0E-4,0.0015
./instances/synthetic/synth-n_200-m_1096-k_6-p_0.05.txt,6,0.0,3.0E-4,0.0015
./instances/synthetic/synth-n_80-m_700-k_8-p_0.2.txt,8,0.0012,0.0,0.07
./instances/synthetic/synth-n_80-m_226-k_25-p_0.05.txt,7,9.0E-4,1.0E-4,0.0177
./instances/complex/chess-n_1000,60,0.001,3.0E-4,0.0766
./instances/synthetic/synth-n_180-m_1627-k_4-p_0.1.txt,4,0.0,3.0E-4,0.0019
./instances/synthetic/synth-n_180-m_881-k_4-p_0.05.txt,4,0.0,2.0E-4,0.0011
./instances/synthetic/synth-n_140-m_2080-k_6-p_0.2.txt,6,0.002,1.0E-4,0.183
./instances/synthetic/synth-n_300-m_4762-k_8-p_0.1.txt,8,0.003,4.0E-4,0.3554
./instances/synthetic/synth-n_50-m_91-k_6-p_0.05.txt,1,0.0,1.0E-4,0.0107
./instances/synthetic/synth-n_60-m_94-k_4-p_0.05.txt,1,0.0,1.0E-4,0.0012
./instances/synthetic/synth-n_30-m_73-k_10-p_0.1.txt,4,0.0017,1.0E-4,0.0177
./instances/synthetic/synth-n_300-m_4893-k_15-p_0.1.txt,15,0.0047,2.0E-4,0.6413
./instances/synthetic/synth-n_50-m_139-k_4-p_0.1.txt,2,0.0018,1.0E-4,0.0219
./instances/synthetic/synth-n_80-m_319-k_4-p_0.1.txt,3,0.0,2.0E-4,0.002
./instances/complex/chess-n_400,10,0.0,2.0E-4,0.0015
./instances/complex/biology-n_19-m_99-p_0.5-20,7,0.0019,0.0,0.0762
./instances/complex/biology-n_22-m_76-p_0.75-9,4,7.0E-4,0.0,0.0082
./instances/synthetic/synth-n_275-m_2121-k_25-p_0.05.txt,25,0.0019,2.0E-4,0.4457
./instances/complex/usairport-n_100,10,0.0,1.0E-4,0.0109
./instances/synthetic/synth-n_60-m_222-k_6-p_0.1.txt,5,0.0,2.0E-4,0.0024
./instances/synthetic/synth-n_40-m_61-k_8-p_0.05.txt,1,0.0,1.0E-4,9.0E-4
./instances/synthetic/synth-n_60-m_428-k_8-p_0.2.txt,8,0.0024,1.0E-4,0.0697
./instances/complex/maayan_foodweb-n_183-m_2476,11,7.0E-4,2.0E-4,0.0073
./instances/synthetic/synth-n_200-m_4591-k_20-p_0.2.txt,20,0.0032,1.0E-4,1.9219
./instances/synthetic/synth-n_20-m_25-k_2-p_0.1.txt,1,0.0,0.0,6.0E-4
./instances/complex/ucsocial-n_200,24,0.0,2.0E-4,0.0112
./instances/synthetic/synth-n_40-m_176-k_2-p_0.2.txt,2,0.0,1.0E-4,0.002
./instances/complex/wikispeedia-n_100,6,0.0,1.0E-4,0.0011
./instances/synthetic/synth-n_30-m_117-k_10-p_0.2.txt,7,0.0027,1.0E-4,0.0396
./instances/synthetic/synth-n_120-m_724-k_4-p_0.1.txt,4,0.0,3.0E-4,0.0023
./instances/synthetic/synth-n_160-m_641-k_2-p_0.05.txt,2,0.0,3.0E-4,0.0018
./instances/synthetic/synth-n_160-m_1324-k_2-p_0.1.txt,2,0.0,5.0E-4,0.0024
./instances/synthetic/synth-n_80-m_402-k_20-p_0.1.txt,16,0.0017,1.0E-4,0.1923
./instances/complex/biology-n_12-m_33-p_0.75-15,3,0.0,0.0,5.0E-4
./instances/synthetic/synth-n_60-m_437-k_10-p_0.2.txt,10,0.0012,0.0,0.1219
./instances/synthetic/synth-n_225-m_1286-k_2-p_0.05.txt,2,0.0,3.0E-4,0.0018
./instances/synthetic/synth-n_30-m_25-k_2-p_0.05.txt,0,0.0,0.0,3.0E-4
./instances/complex/biology-n_30-m_287-p_0.9-5,10,9.0E-4,0.0,0.1178
./instances/synthetic/synth-n_275-m_7718-k_8-p_0.2.txt,8,0.0051,2.0E-4,0.6838
./instances/synthetic/synth-n_60-m_124-k_25-p_0.05.txt,6,7.0E-4,0.0,0.0098
./instances/complex/link-kv-n_700,166,0.0015,2.0E-4,0.0691
./instances/complex/convote,29,0.0,1.0E-4,0.0012
./instances/synthetic/synth-n_200-m_2275-k_15-p_0.1.txt,15,0.0021,1.0E-4,0.2764
./instances/complex/biology-n_36-m_219-p_0.5-12,17,0.0011,0.0,0.1844
./instances/synthetic/synth-n_50-m_357-k_20-p_0.2.txt,20,0.001,0.0,0.3383
./instances/complex/ChicagoRegional-n_1000,90,0.0,2.0E-4,0.0112
./instances/complex/health-n_400,42,0.0,4.0E-4,0.0023
./instances/synthetic/synth-n_200-m_1115-k_15-p_0.05.txt,15,0.0047,6.0E-4,0.5185
./instances/complex/bitcoinalpha-n_200,13,0.0,0.0,7.0E-4
./instances/synthetic/synth-n_200-m_4097-k_2-p_0.2.txt,2,0.0,6.0E-4,0.0035
./instances/complex/moreno_sheep-n_28-m_250,8,9.0E-4,0.0,0.0189
./instances/synthetic/synth-n_80-m_193-k_6-p_0.05.txt,4,0.0,1.0E-4,0.0014
./instances/complex/usairport-n_800,191,0.0011,6.0E-4,0.025
./instances/synthetic/synth-n_90-m_273-k_25-p_0.05.txt,11,9.0E-4,1.0E-4,0.1023
./instances/synthetic/synth-n_50-m_334-k_8-p_0.2.txt,8,0.001,0.0032,0.0604
./instances/synthetic/synth-n_250-m_1667-k_8-p_0.05.txt,8,0.0,4.0E-4,0.0021
./instances/synthetic/synth-n_100-m_568-k_10-p_0.1.txt,10,0.001,1.0E-4,0.073
./instances/synthetic/synth-n_160-m_3134-k_30-p_0.2.txt,30,0.0027,0.0,1.5177
./instances/complex/GD-n_121-m_207.mtx,43,0.0,2.0E-4,0.0106
./instances/synthetic/synth-n_30-m_111-k_8-p_0.2.txt,7,0.0,1.0E-4,0.0018
./instances/complex/talk-oc-n_700,2,0.0,2.0E-4,0.0022
./instances/synthetic/synth-n_200-m_4629-k_25-p_0.2.txt,25,0.0072,1.0E-4,3.0285
./instances/synthetic/synth-n_120-m_871-k_15-p_0.1.txt,15,0.0015,1.0E-4,0.379
./instances/synthetic/synth-n_60-m_243-k_25-p_0.1.txt,14,0.001,0.0,0.1114
./instances/synthetic/synth-n_20-m_48-k_2-p_0.2.txt,2,0.0,0.0,7.0E-4
./instances/synthetic/synth-n_90-m_410-k_4-p_0.1.txt,4,0.0,1.0E-4,9.0E-4
./instances/synthetic/synth-n_250-m_3436-k_15-p_0.1.txt,15,0.0029,2.0E-4,0.4529
./instances/synthetic/synth-n_180-m_1962-k_25-p_0.1.txt,25,0.0051,3.0E-4,0.734
./instances/synthetic/synth-n_100-m_1107-k_6-p_0.2.txt,6,0.0017,1.0E-4,0.0446
./instances/synthetic/synth-n_120-m_788-k_6-p_0.1.txt,6,0.0,2.0E-4,0.0019
./instances/synthetic/synth-n_200-m_2488-k_30-p_0.1.txt,30,0.0024,1.0E-4,1.1888
./instances/synthetic/synth-n_225-m_1391-k_15-p_0.05.txt,15,0.0055,8.0E-4,0.2332
./instances/synthetic/synth-n_180-m_867-k_8-p_0.05.txt,8,0.0,2.0E-4,0.0017
./instances/synthetic/synth-n_30-m_114-k_6-p_0.2.txt,5,7.0E-4,0.0,0.0106
./instances/synthetic/synth-n_225-m_5504-k_15-p_0.2.txt,15,0.0038,1.0E-4,1.3831
./instances/synthetic/synth-n_70-m_180-k_25-p_0.05.txt,7,8.0E-4,1.0E-4,0.0203
./instances/synthetic/synth-n_80-m_222-k_30-p_0.05.txt,12,9.0E-4,1.0E-4,0.1086
./instances/synthetic/synth-n_100-m_262-k_6-p_0.05.txt,5,0.0,1.0E-4,0.0015
./instances/complex/biology-n_17-m_89-p_0.9-10,4,7.0E-4,0.0,0.0115
./instances/complex/openflights-n_700,148,9.0E-4,2.0E-4,0.0082
./instances/complex/wikispeedia-n_200,10,0.0,0.0,0.001
./instances/synthetic/synth-n_40-m_112-k_8-p_0.1.txt,6,7.0E-4,0.0,0.0079
./instances/complex/biology-n_13-m_39-p_0.5-4,2,9.0E-4,0.0,0.0074
./instances/complex/bitcoinalpha-n_1000,149,0.0,3.0E-4,0.0017
./instances/synthetic/synth-n_275-m_3928-k_8-p_0.1.txt,8,0.0,9.0E-4,0.0031
./instances/complex/temporalGraph-n_100,3,0.0,0.0,4.0E-4
./instances/complex/health-n_1000,232,9.0E-4,6.0E-4,0.0134
./instances/synthetic/synth-n_30-m_97-k_2-p_0.2.txt,2,0.0,0.0,8.0E-4
./instances/synthetic/synth-n_160-m_2577-k_2-p_0.2.txt,2,0.0,4.0E-4,0.0022
./instances/synthetic/synth-n_40-m_203-k_8-p_0.2.txt,7,8.0E-4,0.0,0.0292
./instances/synthetic/synth-n_50-m_97-k_15-p_0.05.txt,4,0.0,0.0,8.0E-4
./instances/synthetic/synth-n_40-m_92-k_2-p_0.1.txt,2,0.0,0.0,8.0E-4
./instances/synthetic/synth-n_120-m_1530-k_10-p_0.2.txt,10,0.0019,0.0,0.1947
./instances/synthetic/synth-n_70-m_156-k_10-p_0.05.txt,4,0.0,1.0E-4,0.0013
./instances/complex/advotogo-n_800,79,0.0,3.0E-4,0.0014
./instances/synthetic/synth-n_70-m_553-k_8-p_0.2.txt,8,0.001,1.0E-4,0.0493
./instances/synthetic/synth-n_80-m_369-k_8-p_0.1.txt,7,0.0,1.0E-4,0.001
./instances/synthetic/synth-n_300-m_10263-k_30-p_0.2.txt,30,0.0094,0.0,7.0441
./instances/synthetic/synth-n_70-m_135-k_8-p_0.05.txt,3,0.0,1.0E-4,0.0012
./instances/complex/biology-n_29-m_153-p_0.9-21,5,7.0E-4,0.0,0.0144
./instances/synthetic/synth-n_60-m_271-k_20-p_0.1.txt,15,0.0012,0.0,0.388
./instances/synthetic/synth-n_250-m_1575-k_6-p_0.05.txt,6,0.0,4.0E-4,0.0023
./instances/complex/wikispeedia-n_800,110,0.0012,5.0E-4,0.0769
./instances/complex/biology-n_23-m_166-p_0.5-17,12,8.0E-4,0.0,0.1799
./instances/synthetic/synth-n_70-m_538-k_4-p_0.2.txt,4,0.0011,1.0E-4,0.0469
./instances/synthetic/synth-n_30-m_60-k_2-p_0.1.txt,1,0.0,0.0,6.0E-4
./instances/synthetic/synth-n_160-m_1447-k_15-p_0.1.txt,15,0.0015,1.0E-4,0.2506
./instances/synthetic/synth-n_160-m_2611-k_4-p_0.2.txt,4,0.0,4.0E-4,0.0116
./instances/synthetic/synth-n_180-m_895-k_20-p_0.05.txt,19,0.0012,2.0E-4,0.2818
./instances/synthetic/synth-n_180-m_1717-k_8-p_0.1.txt,8,0.0,0.0018,0.0152
./instances/synthetic/synth-n_90-m_855-k_6-p_0.2.txt,6,0.0,6.0E-4,0.0035
./instances/synthetic/synth-n_70-m_258-k_2-p_0.1.txt,2,0.0,2.0E-4,0.002
./instances/synthetic/synth-n_80-m_170-k_4-p_0.05.txt,0,0.0,2.0E-4,0.0019
./instances/synthetic/synth-n_80-m_214-k_20-p_0.05.txt,10,0.0029,2.0E-4,0.0678
./instances/synthetic/synth-n_200-m_4241-k_6-p_0.2.txt,6,0.0036,2.0E-4,0.3608
./instances/complex/biology-n_36-m_219-p_0.9-12,9,8.0E-4,0.0,0.0167
./instances/complex/ChicagoRegional-n_500,21,0.0,0.0,4.0E-4
./instances/complex/temporalGraph-n_1000,45,7.0E-4,3.0E-4,0.0119
./instances/complex/ChicagoRegional-n_300,8,0.0,0.0,4.0E-4
./instances/complex/biology-n_12-m_43-p_0.5-25,4,6.0E-4,0.0,0.0111
./instances/complex/biology-n_16-m_79-p_0.5-3,6,7.0E-4,0.0,0.0331
./instances/synthetic/synth-n_140-m_1046-k_6-p_0.1.txt,6,0.0,3.0E-4,0.0019
./instances/synthetic/synth-n_90-m_188-k_2-p_0.05.txt,0,0.0,1.0E-4,8.0E-4
./instances/complex/openflights-n_800,179,0.0,3.0E-4,0.0021
./instances/synthetic/synth-n_225-m_5291-k_8-p_0.2.txt,8,0.0037,1.0E-4,2.7753
./instances/complex/biology-n_45-m_326-p_0.9-16,14,0.0011,0.0,0.0862
./instances/synthetic/synth-n_20-m_58-k_4-p_0.2.txt,4,7.0E-4,0.0,0.0109
./instances/complex/biology-n_9-m_23-p_0.9-1,1,0.0,0.0,5.0E-4
./instances/synthetic/synth-n_60-m_114-k_6-p_0.05.txt,2,0.0,0.0,0.001
./instances/complex/GD-n_62-m_287.mtx,38,8.0E-4,0.0,0.019
./instances/synthetic/synth-n_200-m_4270-k_8-p_0.2.txt,8,0.0038,1.0E-4,0.4061
./instances/complex/GD-n_36-m_57.mtx,5,0.0,0.0,5.0E-4
./instances/complex/polbooks-n_105-m_441.mtx,0,0.0,1.0E-4,0.011
./instances/synthetic/synth-n_40-m_47-k_6-p_0.05.txt,0,0.0,0.0,7.0E-4
./instances/complex/biology-n_59-m_624-p_0.9-1,22,0.0012,0.0,0.9758
./instances/synthetic/synth-n_250-m_3387-k_10-p_0.1.txt,10,0.0057,5.0E-4,0.3694
./instances/synthetic/synth-n_250-m_3199-k_8-p_0.1.txt,8,0.0093,9.0E-4,0.1908
./instances/complex/temporalGraph-n_300,7,0.0,0.0,0.0012
./instances/complex/biology-n_22-m_76-p_0.5-9,4,6.0E-4,0.0,0.0127
./instances/synthetic/synth-n_50-m_278-k_4-p_0.2.txt,4,8.0E-4,0.0,0.0162
./instances/synthetic/synth-n_180-m_3690-k_20-p_0.2.txt,20,0.0031,1.0E-4,1.1001
./instances/complex/openflights-n_200,24,0.0,1.0E-4,0.0104
./instances/synthetic/synth-n_140-m_2149-k_8-p_0.2.txt,8,0.0054,2.0E-4,0.3365
./instances/synthetic/synth-n_80-m_305-k_2-p_0.1.txt,1,0.0,2.0E-4,0.0106
./instances/synthetic/synth-n_200-m_2356-k_25-p_0.1.txt,25,0.0025,2.0E-4,1.0264
./instances/synthetic/synth-n_250-m_6493-k_6-p_0.2.txt,6,0.0,0.0012,0.014
./instances/synthetic/synth-n_300-m_4664-k_6-p_0.1.txt,6,0.0,9.0E-4,0.004
./instances/synthetic/synth-n_120-m_1825-k_25-p_0.2.txt,25,0.0021,0.0,0.934
./instances/synthetic/synth-n_70-m_591-k_6-p_0.2.txt,6,0.0016,1.0E-4,0.0625
./instances/complex/biology-n_12-m_45-p_0.75-19,3,9.0E-4,0.0,0.0133
./instances/complex/ucsocial-n_800,183,0.0,7.0E-4,0.0034
./instances/synthetic/synth-n_80-m_186-k_8-p_0.05.txt,3,0.0,1.0E-4,0.0011
./instances/complex/biology-n_20-m_125-p_0.75-24,9,7.0E-4,0.0,0.0836
./instances/synthetic/synth-n_30-m_64-k_8-p_0.1.txt,3,0.0,1.0E-4,6.0E-4
./instances/synthetic/synth-n_275-m_4399-k_25-p_0.1.txt,25,0.004,1.0E-4,1.2461
./instances/synthetic/synth-n_50-m_159-k_10-p_0.1.txt,8,0.0029,2.0E-4,0.0598
./instances/synthetic/synth-n_180-m_3408-k_6-p_0.2.txt,6,0.0029,1.0E-4,0.2824
./instances/complex/biology-n_28-m_249-p_0.9-8,6,8.0E-4,0.0,0.0329
./instances/synthetic/synth-n_300-m_2495-k_25-p_0.05.txt,25,0.0021,2.0E-4,0.9252
./instances/synthetic/synth-n_80-m_169-k_10-p_0.05.txt,6,0.0,1.0E-4,0.001
./instances/complex/bitcoinalpha-n_500,59,0.0,1.0E-4,9.0E-4
./instances/complex/bitcoinalpha-n_800,91,0.0,1.0E-4,9.0E-4
./instances/synthetic/synth-n_120-m_455-k_15-p_0.05.txt,10,9.0E-4,1.0E-4,0.0905
./instances/synthetic/synth-n_70-m_645-k_20-p_0.2.txt,20,0.0012,0.0,0.4251
./instances/complex/biology-n_12-m_33-p_0.9-15,3,0.0,0.0,5.0E-4
./instances/synthetic/synth-n_100-m_346-k_30-p_0.05.txt,17,0.0029,2.0E-4,1.9499
./instances/synthetic/synth-n_80-m_189-k_15-p_0.05.txt,6,0.0,1.0E-4,0.0011
./instances/complex/health-n_500,80,0.0,2.0E-4,9.0E-4
./instances/synthetic/synth-n_200-m_4411-k_15-p_0.2.txt,15,0.0041,1.0E-4,1.1163
./instances/complex/chess-n_300,4,0.0,0.0,0.0098
./instances/synthetic/synth-n_275-m_3815-k_6-p_0.1.txt,6,0.0025,4.0E-4,0.2657
./instances/complex/biology-n_17-m_89-p_0.75-10,6,0.001,0.0,0.0268
./instances/complex/biology-n_25-m_231-p_0.5-6,13,9.0E-4,0.0,0.2451
./instances/synthetic/synth-n_60-m_196-k_4-p_0.1.txt,4,0.0,1.0E-4,0.0114
./instances/synthetic/synth-n_100-m_1231-k_25-p_0.2.txt,25,0.0018,0.0,0.9275
./instances/synthetic/synth-n_120-m_1775-k_20-p_0.2.txt,20,0.002,0.0,0.6352
./instances/synthetic/synth-n_200-m_4160-k_10-p_0.2.txt,10,0.0034,1.0E-4,0.4309
./instances/synthetic/synth-n_180-m_1958-k_15-p_0.1.txt,15,0.0019,1.0E-4,0.2108
./instances/synthetic/synth-n_10-m_12-k_2-p_0.2.txt,0,0.0,0.0,5.0E-4
./instances/synthetic/synth-n_275-m_8461-k_30-p_0.2.txt,30,0.0083,1.0E-4,7.5101
./instances/synthetic/synth-n_300-m_9050-k_4-p_0.2.txt,4,0.0065,4.0E-4,0.6218
./instances/synthetic/synth-n_20-m_20-k_4-p_0.1.txt,0,0.0,0.0,5.0E-4
./instances/synthetic/synth-n_120-m_790-k_10-p_0.1.txt,10,0.0012,1.0E-4,0.0752
./instances/synthetic/synth-n_300-m_2561-k_30-p_0.05.txt,30,0.0023,2.0E-4,1.672
./instances/complex/GD-n_84-m_196.mtx,0,0.0,1.0E-4,0.0107
./instances/synthetic/synth-n_200-m_1093-k_4-p_0.05.txt,4,0.0,7.0E-4,0.0031
./instances/complex/wikispeedia-n_1000,162,0.002,0.0013,0.1236
./instances/complex/health-n_200,16,0.0,0.0,0.001
./instances/synthetic/synth-n_300-m_5040-k_25-p_0.1.txt,25,0.0036,1.0E-4,1.2046
./instances/synthetic/synth-n_300-m_2480-k_20-p_0.05.txt,20,0.0021,3.0E-4,0.2831
./instances/synthetic/synth-n_70-m_191-k_30-p_0.05.txt,10,8.0E-4,1.0E-4,0.0105
./instances/synthetic/synth-n_275-m_1895-k_2-p_0.05.txt,2,0.0,4.0E-4,0.002
./instances/complex/openflights-n_300,37,0.0,0.0,8.0E-4
./instances/synthetic/synth-n_120-m_1409-k_2-p_0.2.txt,2,0.0,2.0E-4,0.0013
./instances/complex/biology-n_23-m_166-p_0.9-17,6,7.0E-4,0.0,0.0188
./instances/synthetic/synth-n_300-m_4565-k_4-p_0.1.txt,4,0.0063,4.0E-4,0.1382
./instances/synthetic/synth-n_90-m_327-k_30-p_0.05.txt,14,9.0E-4,1.0E-4,0.3136
./instances/complex/biology-n_36-m_219-p_0.75-12,14,0.0031,0.0,0.1471
./instances/synthetic/synth-n_120-m_482-k_25-p_0.05.txt,17,0.001,1.0E-4,0.3232
./instances/synthetic/synth-n_200-m_4165-k_4-p_0.2.txt,4,0.0053,7.0E-4,0.1326
./instances/synthetic/synth-n_90-m_269-k_15-p_0.05.txt,9,7.0E-4,1.0E-4,0.0635
./instances/complex/biology-n_35-m_315-p_0.9-18,10,9.0E-4,0.0,0.2078
./instances/synthetic/synth-n_160-m_1523-k_20-p_0.1.txt,20,0.0016,1.0E-4,0.3533
./instances/complex/biology-n_49-m_689-p_0.9-14,19,0.003,1.0E-4,0.8324
./instances/synthetic/synth-n_225-m_5223-k_4-p_0.2.txt,4,0.0038,2.0E-4,0.3882
./instances/synthetic/synth-n_250-m_1710-k_15-p_0.05.txt,15,0.004,6.0E-4,1.0688
./instances/complex/biology-n_20-m_125-p_0.5-24,8,8.0E-4,0.0,0.1025
./instances/synthetic/synth-n_50-m_154-k_8-p_0.1.txt,6,8.0E-4,0.0,0.0166
./instances/synthetic/synth-n_120-m_1520-k_4-p_0.2.txt,4,0.0014,1.0E-4,0.0353
./instances/synthetic/synth-n_160-m_1409-k_10-p_0.1.txt,10,0.0014,1.0E-4,0.1023
./instances/complex/temporalGraph-n_800,33,0.0,2.0E-4,0.0017
./instances/complex/ucsocial-n_1000,253,0.0,8.0E-4,0.0039
./instances/synthetic/synth-n_160-m_731-k_10-p_0.05.txt,10,0.0013,1.0E-4,0.0618
./instances/synthetic/synth-n_250-m_6262-k_2-p_0.2.txt,2,0.0,9.0E-4,0.0048
./instances/synthetic/synth-n_250-m_3124-k_4-p_0.1.txt,4,0.0,7.0E-4,0.0029
./instances/synthetic/synth-n_50-m_195-k_15-p_0.1.txt,8,7.0E-4,0.0,0.0145
./instances/complex/moreno_innovation-n_241-m_1098,79,0.001,2.0E-4,0.0284
./instances/complex/biology-n_19-m_99-p_0.9-20,3,0.0,0.0,8.0E-4
./instances/synthetic/synth-n_225-m_5936-k_30-p_0.2.txt,30,0.0041,0.0,2.3523
./instances/complex/biology-n_20-m_125-p_0.5-7,9,9.0E-4,0.0,0.0967
./instances/synthetic/synth-n_180-m_902-k_10-p_0.05.txt,10,0.001,2.0E-4,0.0382
./instances/synthetic/synth-n_250-m_1757-k_20-p_0.05.txt,20,0.0016,2.0E-4,1.0506
./instances/complex/talk-oc-n_400,1,0.0,0.0,7.0E-4
./instances/complex/biology-n_12-m_43-p_0.75-25,3,0.0,0.0,3.0E-4
./instances/synthetic/synth-n_180-m_3631-k_15-p_0.2.txt,15,0.003,1.0E-4,0.4622
./instances/complex/bitcoinalpha-n_100,5,0.0,0.0,6.0E-4
./instances/complex/ucsocial-n_300,44,0.0,3.0E-4,0.011
./instances/synthetic/synth-n_275-m_8401-k_20-p_0.2.txt,20,0.0124,2.0E-4,3.4909
./instances/complex3/health-n_50,2,0.0,0.0,5.0E-4
./instances/complex3/talk-oc-n_50,0,0.0,0.0,1.0E-4
./instances/complex3/temporalGraph-n_50,3,0.0,0.0,3.0E-4
./instances/synthetic3/synth-n_50-m_139-k_5-p_0.1.txt,1,0.0,0.0,0.0013
./instances/complex3/link-kv-n_100,8,0.0,0.0,3.0E-4
./instances/complex3/bitcoinalpha-n_200,11,0.0,0.0,0.0011
./instances/complex3/ucsocial-n_50,3,0.0,0.0,3.0E-4
./instances/synthetic3/synth-n_50-m_143-k_10-p_0.1.txt,5,0.0,0.0,0.0013
./instances/complex3/link-kv-n_500,83,0.0011,2.0E-4,0.0273
./instances/complex3/talk-oc-n_1500,15,0.0,1.0E-4,0.0018
./instances/complex3/ChicagoRegional-n_3000,631,7.0E-4,4.0E-4,0.0083
./instances/complex3/openflights-n_1000,201,7.0E-4,3.0E-4,0.009
./instances/synthetic3/synth-n_200-m_2199-k_10-p_0.1.txt,10,0.0019,1.0E-4,0.174
./instances/synthetic3/synth-n_250-m_1806-k_20-p_0.05.txt,20,0.0016,2.0E-4,1.3588
./instances/synthetic3/synth-n_250-m_3416-k_15-p_0.1.txt,15,0.0058,4.0E-4,0.4081
./instances/synthetic3/synth-n_300-m_4857-k_15-p_0.1.txt,15,0.0087,7.0E-4,0.6053
./instances/complex3/ChicagoRegional-n_8000,3028,0.0016,0.006,0.1173
./instances/synthetic3/synth-n_250-m_7102-k_25-p_0.2.txt,25,0.0088,1.0E-4,5.8059
./instances/synthetic3/synth-n_500-m_6745-k_25-p_0.05.txt,25,0.0049,3.0E-4,1.2926
./instances/complex3/wikispeedia-n_100,0,0.0,0.0,6.0E-4
./instances/complex3/link-kv-n_200,20,0.0018,1.0E-4,0.02
./instances/complex3/talk-oc-n_200,0,0.0,0.0,0.0011
./instances/complex3/ucsocial-n_500,80,0.0,3.0E-4,0.0021
./instances/complex3/openflights-n_1500,413,0.0011,0.0011,0.0128
./instances/complex3/advotogo-n_1500,215,0.001,9.0E-4,0.0168
./instances/synthetic3/synth-n_200-m_2169-k_15-p_0.1.txt,15,0.0023,2.0E-4,0.2977
./instances/complex3/bitcoinalpha-n_3000,658,0.001,0.0026,0.0307
./instances/synthetic3/synth-n_400-m_4229-k_20-p_0.05.txt,20,0.0031,4.0E-4,2.3898
./instances/synthetic3/synth-n_300-m_5319-k_30-p_0.1.txt,30,0.0041,1.0E-4,2.7976
./instances/complex3/link-kv-n_50,0,0.0,0.0,4.0E-4
./instances/complex3/ucsocial-n_200,23,0.0,1.0E-4,0.001
./instances/complex3/health-n_100,4,0.0,0.0,4.0E-4
./instances/synthetic3/synth-n_150-m_1269-k_15-p_0.1.txt,15,0.0028,3.0E-4,0.2742
./instances/complex3/advotogo-n_3000,548,0.0012,0.0033,0.0716
./instances/synthetic3/synth-n_150-m_2446-k_10-p_0.2.txt,10,0.0024,1.0E-4,0.344
./instances/synthetic3/synth-n_500-m_13672-k_25-p_0.1.txt,25,0.0164,8.0E-4,6.2647
./instances/synthetic3/synth-n_200-m_2369-k_25-p_0.1.txt,25,0.0025,1.0E-4,0.5133
./instances/complex3/ChicagoRegional-n_9000,3651,0.0018,0.0063,0.1656
./instances/synthetic3/synth-n_200-m_4763-k_25-p_0.2.txt,25,0.0062,0.0,3.132
./instances/complex3/ChicagoRegional-n_200,5,0.0,0.0,6.0E-4
./instances/complex3/temporalGraph-n_500,17,8.0E-4,1.0E-4,0.0205
./instances/complex3/blogs-n_50,6,0.0,0.0,8.0E-4
./instances/complex3/temporalGraph-n_100,0,0.0,0.0,3.0E-4
./instances/complex3/blogs-n_200,16,0.0,1.0E-4,6.0E-4
./instances/complex3/ChicagoRegional-n_10000,4193,0.0028,0.0084,0.2989
./instances/complex3/advotogo-n_1000,127,0.0017,0.0013,0.0286
./instances/synthetic3/synth-n_150-m_630-k_15-p_0.05.txt,15,0.0016,2.0E-4,0.2095
./instances/synthetic3/synth-n_300-m_10113-k_25-p_0.2.txt,25,0.0066,1.0E-4,4.4799
./instances/complex3/blogs-n_500,76,0.0011,4.0E-4,0.0742
./instances/synthetic3/synth-n_300-m_10954-k_50-p_0.2.txt,50,0.008,0.0,21.6566
./instances/complex3/health-n_200,17,0.0,0.0,0.001
./instances/synthetic3/synth-n_250-m_1653-k_10-p_0.05.txt,10,0.0,5.0E-4,0.0019
./instances/complex3/talk-oc-n_3000,29,0.0,0.001,0.0039
./instances/synthetic3/synth-n_300-m_2373-k_15-p_0.05.txt,15,0.0024,4.0E-4,0.3523
./instances/synthetic3/synth-n_150-m_2502-k_15-p_0.2.txt,15,0.0064,2.0E-4,0.3637
./instances/synthetic3/synth-n_250-m_3493-k_25-p_0.1.txt,25,0.0027,1.0E-4,1.6279
./instances/synthetic3/synth-n_300-m_4954-k_20-p_0.1.txt,20,0.0044,2.0E-4,1.7203
./instances/synthetic3/synth-n_250-m_6839-k_20-p_0.2.txt,20,0.0114,2.0E-4,3.2182
./instances/complex3/bitcoinalpha-n_100,2,0.0,0.0,4.0E-4
./instances/synthetic3/synth-n_500-m_13283-k_20-p_0.1.txt,20,0.0099,3.0E-4,3.349
./instances/complex3/ChicagoRegional-n_5000,1484,0.001,0.0072,0.0802
./instances/synthetic3/synth-n_200-m_4301-k_10-p_0.2.txt,10,0.0032,1.0E-4,0.6019
./instances/synthetic3/synth-n_400-m_18943-k_50-p_0.2.txt,50,0.0148,1.0E-4,52.3987
./instances/complex3/blogs-n_100,8,0.0,0.0,0.0107
./instances/synthetic3/synth-n_300-m_10205-k_30-p_0.2.txt,30,0.0076,0.0,6.0537
./instances/synthetic3/synth-n_300-m_2470-k_20-p_0.05.txt,20,0.0056,8.0E-4,0.4031
./instances/synthetic3/synth-n_150-m_1284-k_20-p_0.1.txt,20,0.0015,1.0E-4,0.1685
./instances/synthetic3/synth-n_500-m_26954-k_25-p_0.2.txt,25,0.0189,2.0E-4,23.9521
./instances/synthetic3/synth-n_400-m_17822-k_30-p_0.2.txt,30,0.0137,0.0,12.1138
./instances/synthetic3/synth-n_300-m_9556-k_15-p_0.2.txt,15,0.0124,1.0E-4,4.2813
./instances/complex3/usairport-n_100,13,0.0,1.0E-4,0.0121
./instances/complex3/temporalGraph-n_1500,77,0.0,0.0016,0.0084
./instances/synthetic3/synth-n_250-m_3730-k_30-p_0.1.txt,30,0.0063,1.0E-4,1.5546
./instances/synthetic3/synth-n_300-m_2597-k_25-p_0.05.txt,25,0.0091,9.0E-4,2.3427
./instances/synthetic3/synth-n_700-m_26060-k_25-p_0.1.txt,25,0.024,7.0E-4,21.6976
./instances/synthetic3/synth-n_250-m_6880-k_15-p_0.2.txt,15,0.0093,2.0E-4,2.0463
./instances/synthetic3/synth-n_500-m_26431-k_20-p_0.2.txt,20,0.0173,1.0E-4,14.5386
./instances/complex3/temporalGraph-n_200,5,0.0,0.0,0.0099
./instances/synthetic3/synth-n_300-m_10021-k_20-p_0.2.txt,20,0.007,1.0E-4,5.3898
./instances/complex3/health-n_1500,446,8.0E-4,0.0011,0.015
./instances/synthetic3/synth-n_50-m_164-k_15-p_0.1.txt,9,8.0E-4,0.0,0.0405
./instances/complex3/openflights-n_2000,593,9.0E-4,0.0071,0.0575
./instances/complex3/chess-n_100,0,0.0,0.0,4.0E-4
./instances/synthetic3/synth-n_500-m_28432-k_50-p_0.2.txt,50,0.0179,1.0E-4,91.9351
./instances/complex3/usairport-n_500,112,0.0029,9.0E-4,0.1051
./instances/synthetic3/synth-n_1000-m_27142-k_50-p_0.05.txt,-1,0.0185,0,180.0
./instances/synthetic3/synth-n_100-m_611-k_10-p_0.1.txt,10,0.0013,1.0E-4,0.1712
./instances/synthetic3/synth-n_150-m_1385-k_25-p_0.1.txt,25,0.0026,1.0E-4,0.3857
./instances/synthetic3/synth-n_400-m_8815-k_25-p_0.1.txt,25,0.0064,3.0E-4,3.2189
./instances/synthetic3/synth-n_700-m_27622-k_50-p_0.1.txt,50,0.0284,1.0E-4,49.4136
./instances/complex3/bitcoinalpha-n_50,2,0.0,0.0,4.0E-4
./instances/complex3/talk-oc-n_500,3,0.0,0.0,3.0E-4
./instances/synthetic3/synth-n_100-m_1151-k_15-p_0.2.txt,15,0.0035,1.0E-4,0.2988
./instances/synthetic3/synth-n_700-m_28433-k_70-p_0.1.txt,70,0.0214,1.0E-4,133.6054
./instances/synthetic3/synth-n_150-m_1254-k_10-p_0.1.txt,10,0.0051,8.0E-4,0.1436
./instances/synthetic3/synth-n_200-m_1076-k_10-p_0.05.txt,10,0.0,3.0E-4,0.002
./instances/synthetic3/synth-n_150-m_634-k_10-p_0.05.txt,7,0.0,2.0E-4,0.0011
./instances/synthetic3/synth-n_500-m_14453-k_50-p_0.1.txt,50,0.0106,2.0E-4,27.0805
./instances/synthetic3/synth-n_250-m_1797-k_25-p_0.05.txt,25,0.002,2.0E-4,1.6337
./instances/synthetic3/synth-n_100-m_343-k_25-p_0.05.txt,14,0.0037,3.0E-4,0.1565
./instances/synthetic3/synth-n_200-m_1245-k_25-p_0.05.txt,24,0.0015,2.0E-4,0.763
./instances/complex3/health-n_1000,231,0.0022,0.0016,0.0294
./instances/synthetic3/synth-n_700-m_13000-k_25-p_0.05.txt,25,0.0131,7.0E-4,3.3772
./instances/complex3/ChicagoRegional-n_2000,307,0.0028,0.0016,0.017
./instances/synthetic3/synth-n_400-m_9014-k_30-p_0.1.txt,30,0.01,4.0E-4,3.5959
./instances/synthetic3/synth-n_300-m_4934-k_25-p_0.1.txt,25,0.0042,1.0E-4,1.1321
./instances/complex3/advotogo-n_50,0,0.0,0.0,3.0E-4
./instances/synthetic3/synth-n_500-m_6986-k_30-p_0.05.txt,30,0.0063,6.0E-4,3.7339
./instances/synthetic3/synth-n_1000-m_54531-k_50-p_0.1.txt,-1,0.0382,0,180.0
./instances/complex3/ChicagoRegional-n_1500,181,0.0,1.0E-4,0.0103
./instances/synthetic3/synth-n_500-m_29623-k_70-p_0.2.txt,70,0.0215,1.0E-4,138.9884
./instances/complex3/health-n_500,67,0.0,2.0E-4,0.0111
./instances/synthetic3/synth-n_100-m_302-k_15-p_0.05.txt,8,7.0E-4,1.0E-4,0.0097
./instances/complex3/bitcoinalpha-n_1000,136,0.0,4.0E-4,0.0026
./instances/synthetic3/synth-n_700-m_52169-k_30-p_0.2.txt,30,0.0366,1.0E-4,76.9906
./instances/synthetic3/synth-n_50-m_325-k_15-p_0.2.txt,15,0.0039,1.0E-4,0.3182
./instances/synthetic3/synth-n_50-m_92-k_20-p_0.05.txt,2,0.0,0.0,0.0103
./instances/complex3/advotogo-n_500,39,0.0,1.0E-4,0.0015
./instances/synthetic3/synth-n_500-m_27136-k_30-p_0.2.txt,30,0.0189,1.0E-4,29.3301
./instances/synthetic3/synth-n_100-m_628-k_20-p_0.1.txt,20,0.0014,1.0E-4,0.2283
./instances/synthetic3/synth-n_1300-m_46137-k_70-p_0.05.txt,-1,0.0315,0,180.0
./instances/complex3/ucsocial-n_1000,258,0.0011,0.001,0.0464
./instances/complex3/usairport-n_1000,253,0.0018,0.0012,0.3111
./instances/complex3/ChicagoRegional-n_100,1,0.0,0.0,3.0E-4
./instances/synthetic3/synth-n_1300-m_45241-k_50-p_0.05.txt,-1,0.0334,0,180.0
./instances/synthetic3/synth-n_100-m_336-k_30-p_0.05.txt,15,0.0025,2.0E-4,0.208
./instances/synthetic3/synth-n_700-m_13374-k_30-p_0.05.txt,30,0.0131,0.0012,9.9375
./instances/synthetic3/synth-n_400-m_19735-k_70-p_0.2.txt,70,0.0133,1.0E-4,85.8847
./instances/synthetic3/synth-n_100-m_1263-k_25-p_0.2.txt,25,0.0017,0.0,0.9093
./instances/synthetic3/synth-n_50-m_72-k_5-p_0.05.txt,2,0.0,0.0,6.0E-4
./instances/synthetic3/synth-n_1300-m_95352-k_100-p_0.1.txt,-1,0.0695,0,180.0
./instances/synthetic3/synth-n_1300-m_92255-k_70-p_0.1.txt,-1,0.0765,0,180.0
./instances/synthetic3/synth-n_200-m_4485-k_20-p_0.2.txt,20,0.0139,1.0E-4,1.9198
./instances/synthetic3/synth-n_1300-m_89669-k_50-p_0.1.txt,-1,0.0701,0,180.0
./instances/synthetic3/synth-n_100-m_1229-k_20-p_0.2.txt,20,0.0015,0.0,0.3045
./instances/synthetic3/synth-n_1600-m_68907-k_70-p_0.05.txt,-1,0.057,0,180.0
./instances/complex3/link-kv-n_1500,391,0.0081,0.0018,2.2865
./instances/complex3/temporalGraph-n_1000,40,0.0,2.0E-4,0.0021
./instances/synthetic3/synth-n_250-m_1708-k_15-p_0.05.txt,15,0.0016,2.0E-4,0.1935
./instances/complex3/ucsocial-n_100,5,0.0,0.0,0.0014
./instances/synthetic3/synth-n_50-m_95-k_15-p_0.05.txt,4,7.0E-4,0.0,0.0089
./instances/synthetic3/synth-n_1600-m_137884-k_70-p_0.1.txt,-1,0.0904,0,180.0