instance,k,fileTime,cleanTime,digraphTime,totalTime
./instances/synthetic/synth-n_40-m_95-k_6-p_0.1.txt,4,0.0,8.0E-4,0.0016,0.0234
./instances/synthetic/synth-n_90-m_214-k_8-p_0.05.txt,7,0.0337,9.0E-4,0.0012,0.0691
./instances/complex/biology-n_13-m_51-p_0.5-22,4,0.0018,2.0E-4,3.0E-4,0.0155
./instances/complex/ucsocial-n_100,14,0.0,3.0E-4,0.0,0.0012
./instances/complex/bitcoinalpha-n_400,28,0.0,4.0E-4,0.0,0.0014
./instances/complex/advotogo-n_200,5,0.0,3.0E-4,0.0,0.0012
./instances/complex/talk-oc-n_100,1,0.0,1.0E-4,0.0,7.0E-4
./instances/complex/advotogo-n_500,36,0.0,0.0026,0.0,0.0061
./instances/complex/blogs-n_300,36,0.0,0.0017,0.0,0.0065
./instances/synthetic/synth-n_160-m_683-k_8-p_0.05.txt,6,0.0044,0.0023,0.0015,0.0395
./instances/synthetic/synth-n_60-m_226-k_15-p_0.1.txt,10,0.0037,7.0E-4,0.0022,0.0446
./instances/complex/blogs-n_400,53,0.0026,0.0019,5.0E-4,0.0313
./instances/synthetic/synth-n_140-m_1056-k_8-p_0.1.txt,8,0.0072,0.0011,0.0017,0.0613
./instances/synthetic/synth-n_250-m_3161-k_2-p_0.1.txt,2,0.0,0.0027,0.0,0.0083
./instances/synthetic/synth-n_200-m_2076-k_6-p_0.1.txt,6,0.0,0.0026,0.0,0.0078
./instances/synthetic/synth-n_100-m_596-k_15-p_0.1.txt,15,0.0064,4.0E-4,0.0017,0.1966
./instances/synthetic/synth-n_160-m_746-k_15-p_0.05.txt,14,0.0059,0.0011,0.0014,0.1029
./instances/synthetic/synth-n_300-m_4553-k_2-p_0.1.txt,2,0.0,0.0021,0.0,0.0116
./instances/complex/link-kv-n_500,98,0.0012,3.0E-4,0.0019,0.0085
./instances/synthetic/synth-n_300-m_9125-k_6-p_0.2.txt,6,0.0204,0.001,0.0117,0.8993
./instances/complex/biology-n_12-m_45-p_0.9-19,1,0.0,1.0E-4,0.0,6.0E-4
./instances/complex/moreno_cattle-n_28-m_217,8,8.0E-4,1.0E-4,1.0E-4,0.0072
./instances/synthetic/synth-n_120-m_368-k_2-p_0.05.txt,2,0.0,2.0E-4,0.0,0.0011
./instances/synthetic/synth-n_70-m_560-k_10-p_0.2.txt,10,0.0024,1.0E-4,4.0E-4,0.0966
./instances/synthetic/synth-n_30-m_28-k_4-p_0.05.txt,2,0.0,1.0E-4,0.0,6.0E-4
./instances/synthetic/synth-n_10-m_12-k_4-p_0.2.txt,1,0.0,0.0,0.0,4.0E-4
./instances/complex/baydry,7,0.0,7.0E-4,0.0,0.0034
./instances/complex/GD-n_80-m_232.mtx,20,0.0013,3.0E-4,1.0E-4,0.0129
./instances/synthetic/synth-n_80-m_343-k_10-p_0.1.txt,9,0.0011,2.0E-4,2.0E-4,0.032
./instances/synthetic/synth-n_100-m_1119-k_8-p_0.2.txt,8,0.0042,2.0E-4,0.001,0.1562
./instances/synthetic/synth-n_100-m_1028-k_4-p_0.2.txt,4,0.0031,3.0E-4,7.0E-4,0.0637
./instances/synthetic/synth-n_225-m_1385-k_8-p_0.05.txt,8,0.0,5.0E-4,0.0,0.0018
./instances/synthetic/synth-n_225-m_2732-k_4-p_0.1.txt,4,0.0,7.0E-4,0.0,0.0028
./instances/synthetic/synth-n_120-m_1738-k_15-p_0.2.txt,15,0.0025,0.0,9.0E-4,0.5777
./instances/synthetic/synth-n_160-m_2776-k_8-p_0.2.txt,8,0.0029,2.0E-4,0.0012,0.2547
./instances/synthetic/synth-n_200-m_4765-k_30-p_0.2.txt,30,0.0042,1.0E-4,0.0022,1.9587
./instances/synthetic/synth-n_60-m_126-k_8-p_0.05.txt,4,0.0,1.0E-4,0.0,5.0E-4
./instances/synthetic/synth-n_50-m_70-k_4-p_0.05.txt,0,0.0,0.0,0.0,3.0E-4
./instances/synthetic/synth-n_120-m_395-k_8-p_0.05.txt,7,0.0,1.0E-4,0.0,6.0E-4
./instances/complex/health-n_700,126,7.0E-4,4.0E-4,0.0,0.0067
./instances/synthetic/synth-n_60-m_211-k_10-p_0.1.txt,7,8.0E-4,1.0E-4,1.0E-4,0.0515
./instances/synthetic/synth-n_140-m_2487-k_30-p_0.2.txt,30,0.0029,1.0E-4,0.0011,1.8214
./instances/complex/moreno_mac-n_62-m_1187,14,0.0018,3.0E-4,4.0E-4,0.0407
./instances/complex/usairport-n_300,48,9.0E-4,2.0E-4,1.0E-4,0.0086
./instances/synthetic/synth-n_275-m_1958-k_4-p_0.05.txt,4,0.0,7.0E-4,0.0,0.0029
./instances/synthetic/synth-n_120-m_1485-k_6-p_0.2.txt,6,0.0023,2.0E-4,8.0E-4,0.1018
./instances/synthetic/synth-n_275-m_2130-k_20-p_0.05.txt,20,0.0025,3.0E-4,0.0015,0.6123
./instances/synthetic/synth-n_275-m_4276-k_20-p_0.1.txt,20,0.0043,3.0E-4,0.0029,2.0166
./instances/synthetic/synth-n_275-m_7787-k_6-p_0.2.txt,6,0.0067,3.0E-4,0.0043,0.5482
./instances/synthetic/synth-n_225-m_5734-k_20-p_0.2.txt,20,0.0052,1.0E-4,0.0029,3.2149
./instances/complex/biology-n_30-m_287-p_0.5-5,15,0.001,0.0,2.0E-4,0.3555
./instances/complex/biology-n_12-m_43-p_0.9-25,1,0.0,1.0E-4,0.0,6.0E-4
./instances/complex/ChicagoRegional-n_100,0,0.0,0.0,0.0,2.0E-4
./instances/synthetic/synth-n_30-m_99-k_4-p_0.2.txt,3,0.0,0.0,0.0,3.0E-4
./instances/synthetic/synth-n_160-m_1318-k_4-p_0.1.txt,4,0.0,3.0E-4,0.0,0.0013
./instances/synthetic/synth-n_80-m_667-k_2-p_0.2.txt,2,0.0,2.0E-4,0.0,7.0E-4
./instances/synthetic/synth-n_90-m_450-k_2-p_0.1.txt,2,0.0,1.0E-4,0.0,6.0E-4
./instances/complex/health-n_800,164,0.0,5.0E-4,0.0,0.0016
./instances/synthetic/synth-n_90-m_863-k_2-p_0.2.txt,2,0.0,2.0E-4,0.0,9.0E-4
./instances/synthetic/synth-n_250-m_1569-k_4-p_0.05.txt,4,0.0,5.0E-4,0.0,0.0018
./instances/synthetic/synth-n_300-m_2234-k_4-p_0.05.txt,4,0.0,8.0E-4,0.0,0.0036
./instances/synthetic/synth-n_140-m_2195-k_10-p_0.2.txt,10,0.0025,2.0E-4,0.0012,0.4797
./instances/synthetic/synth-n_300-m_2382-k_6-p_0.05.txt,6,0.0,7.0E-4,0.0,0.0024
./instances/synthetic/synth-n_140-m_2299-k_20-p_0.2.txt,20,0.0028,1.0E-4,0.0012,0.8905
./instances/synthetic/synth-n_300-m_2418-k_10-p_0.05.txt,10,0.0028,6.0E-4,0.0011,0.1871
./instances/synthetic/synth-n_275-m_3928-k_10-p_0.1.txt,10,0.0032,0.001,0.0014,0.1217
./instances/synthetic/synth-n_160-m_3006-k_20-p_0.2.txt,20,0.005,1.0E-4,0.0018,1.3611
./instances/synthetic/synth-n_100-m_305-k_4-p_0.05.txt,3,0.0,1.0E-4,0.0,7.0E-4
./instances/synthetic/synth-n_70-m_157-k_6-p_0.05.txt,4,0.0,1.0E-4,0.0,4.0E-4
./instances/synthetic/synth-n_20-m_54-k_8-p_0.2.txt,3,0.0,0.0,0.0,3.0E-4
./instances/synthetic/synth-n_160-m_663-k_4-p_0.05.txt,4,0.0,2.0E-4,0.0,7.0E-4
./instances/synthetic/synth-n_90-m_248-k_10-p_0.05.txt,7,0.0016,1.0E-4,0.0,0.008
./instances/synthetic/synth-n_60-m_380-k_2-p_0.2.txt,2,0.0,1.0E-4,0.0,7.0E-4
./instances/complex/baywet,7,0.0,3.0E-4,0.0,0.0018
./instances/synthetic/synth-n_200-m_2088-k_4-p_0.1.txt,4,0.0,6.0E-4,0.0,0.0022
./instances/complex/openflights-n_1000,228,0.0,6.0E-4,0.0,0.0035
./instances/synthetic/synth-n_100-m_1220-k_15-p_0.2.txt,15,0.0022,0.0,8.0E-4,0.3452
./instances/synthetic/synth-n_70-m_626-k_15-p_0.2.txt,15,0.0014,0.0,4.0E-4,0.2331
./instances/synthetic/synth-n_275-m_3851-k_4-p_0.1.txt,4,0.0,9.0E-4,0.0,0.0035
./instances/synthetic/synth-n_225-m_2691-k_8-p_0.1.txt,8,0.0044,7.0E-4,0.0014,0.3225
./instances/synthetic/synth-n_160-m_2720-k_10-p_0.2.txt,10,0.0031,1.0E-4,0.001,0.3118
./instances/synthetic/synth-n_250-m_6833-k_15-p_0.2.txt,15,0.0072,1.0E-4,0.0027,3.7965
./instances/synthetic/synth-n_40-m_50-k_4-p_0.05.txt,1,0.0,0.0,0.0,5.0E-4
./instances/complex/GD-n_38-m_50.mtx,2,8.0E-4,0.0,0.0,0.0057
./instances/synthetic/synth-n_20-m_38-k_6-p_0.1.txt,2,0.0,0.0,0.0,4.0E-4
./instances/synthetic/synth-n_70-m_494-k_2-p_0.2.txt,2,0.0,1.0E-4,0.0,5.0E-4
./instances/synthetic/synth-n_100-m_491-k_2-p_0.1.txt,2,0.0,1.0E-4,0.0,5.0E-4
./instances/synthetic/synth-n_100-m_319-k_15-p_0.05.txt,9,7.0E-4,1.0E-4,1.0E-4,0.0181
./instances/complex/bitcoinalpha-n_700,86,0.0,2.0E-4,0.0,0.001
./instances/complex/ucsocial-n_500,105,0.0,2.0E-4,0.0,9.0E-4
./instances/synthetic/synth-n_60-m_386-k_4-p_0.2.txt,4,8.0E-4,1.0E-4,1.0E-4,0.0095
./instances/complex/biology-n_42-m_297-p_0.9-23,13,8.0E-4,0.0,1.0E-4,0.1087
./instances/synthetic/synth-n_250-m_3475-k_20-p_0.1.txt,20,0.004,2.0E-4,0.0015,0.9854
./instances/complex/health-n_100,2,0.0,0.0,0.0,5.0E-4
./instances/synthetic/synth-n_40-m_114-k_15-p_0.1.txt,6,0.0,0.0,0.0,3.0E-4
./instances/complex/GD-n_180-m_229.mtx,2,0.0,1.0E-4,0.0,3.0E-4
./instances/synthetic/synth-n_120-m_420-k_10-p_0.05.txt,7,0.0,1.0E-4,0.0,5.0E-4
./instances/synthetic/synth-n_80-m_753-k_10-p_0.2.txt,10,0.0013,1.0E-4,3.0E-4,0.0667
./instances/synthetic/synth-n_200-m_2119-k_8-p_0.1.txt,8,0.0022,3.0E-4,7.0E-4,0.1017
./instances/complex/usairport-n_400,84,0.0012,2.0E-4,2.0E-4,0.0239
./instances/synthetic/synth-n_225-m_2685-k_6-p_0.1.txt,6,0.003,4.0E-4,0.001,0.1743
./instances/synthetic/synth-n_300-m_2479-k_15-p_0.05.txt,15,0.0028,3.0E-4,0.001,0.3236
./instances/synthetic/synth-n_250-m_6353-k_4-p_0.2.txt,4,0.0065,2.0E-4,0.0029,0.2254
./instances/synthetic/synth-n_250-m_6538-k_8-p_0.2.txt,8,0.0075,2.0E-4,0.0024,0.5397
./instances/complex/openflights-n_100,8,0.0,0.0,0.0,5.0E-4
./instances/synthetic/synth-n_40-m_62-k_10-p_0.05.txt,3,0.0,0.0,0.0,5.0E-4
./instances/synthetic/synth-n_70-m_156-k_2-p_0.05.txt,0,0.0,0.0,0.0,5.0E-4
./instances/complex/biology-n_25-m_231-p_0.9-6,8,0.001,0.0,1.0E-4,0.0633
./instances/synthetic/synth-n_140-m_1028-k_2-p_0.1.txt,2,0.0,2.0E-4,0.0,0.001
./instances/complex/wikispeedia-n_400,39,0.0,1.0E-4,0.0,5.0E-4
./instances/synthetic/synth-n_120-m_432-k_20-p_0.05.txt,15,0.0011,1.0E-4,1.0E-4,0.0744
./instances/synthetic/synth-n_275-m_2025-k_6-p_0.05.txt,6,0.0,5.0E-4,0.0,0.0017
./instances/synthetic/synth-n_200-m_2270-k_20-p_0.1.txt,20,0.0032,1.0E-4,9.0E-4,0.8032
./instances/synthetic/synth-n_300-m_4844-k_10-p_0.1.txt,10,0.0045,5.0E-4,0.0026,0.5615
./instances/synthetic/synth-n_250-m_3612-k_25-p_0.1.txt,25,0.0032,1.0E-4,0.0022,1.53
./instances/synthetic/synth-n_90-m_527-k_20-p_0.1.txt,19,0.0189,1.0E-4,4.0E-4,0.426
./instances/synthetic/synth-n_30-m_58-k_6-p_0.1.txt,2,0.0,0.0,0.0,5.0E-4
./instances/complex/biology-n_12-m_33-p_0.5-15,3,7.0E-4,0.0,0.0,0.0068
./instances/synthetic/synth-n_90-m_470-k_8-p_0.1.txt,8,8.0E-4,1.0E-4,1.0E-4,0.018
./instances/synthetic/synth-n_90-m_870-k_4-p_0.2.txt,4,0.0,2.0E-4,0.0,9.0E-4
./instances/synthetic/synth-n_80-m_818-k_15-p_0.2.txt,15,0.0011,0.0,3.0E-4,0.1544
./instances/synthetic/synth-n_250-m_1694-k_10-p_0.05.txt,10,0.0016,3.0E-4,6.0E-4,0.2088
./instances/synthetic/synth-n_180-m_1738-k_10-p_0.1.txt,10,0.0014,2.0E-4,6.0E-4,0.1876
./instances/synthetic/synth-n_160-m_3034-k_25-p_0.2.txt,25,0.002,1.0E-4,0.0011,38.0921
./instances/synthetic/synth-n_300-m_5040-k_20-p_0.1.txt,20,0.0031,2.0E-4,0.0021,1.3584
./instances/synthetic/synth-n_225-m_5854-k_25-p_0.2.txt,25,0.0038,0.0,0.0023,3.3986
./instances/complex/biology-n_9-m_23-p_0.5-1,2,0.0,0.0,0.0,4.0E-4
./instances/complex/temporalGraph-n_400,12,0.0,1.0E-4,0.0,5.0E-4
./instances/complex/biology-n_13-m_39-p_0.75-4,3,0.0,0.0,0.0,2.0E-4
./instances/synthetic/synth-n_80-m_690-k_6-p_0.2.txt,6,0.0011,1.0E-4,3.0E-4,0.0397
./instances/complex/chess-n_500,16,0.0,1.0E-4,0.0,6.0E-4
./instances/synthetic/synth-n_200-m_2096-k_2-p_0.1.txt,2,0.0,5.0E-4,0.0,0.0024
./instances/synthetic/synth-n_225-m_2523-k_2-p_0.1.txt,2,0.0,5.0E-4,0.0,0.0019
./instances/synthetic/synth-n_275-m_7607-k_2-p_0.2.txt,2,0.0,0.0086,0.0,0.0124
./instances/complex/biology-n_13-m_39-p_0.9-4,4,0.0,0.0,0.0,5.0E-4
./instances/synthetic/synth-n_30-m_35-k_10-p_0.05.txt,0,0.0,0.0,0.0,4.0E-4
./instances/synthetic/synth-n_70-m_274-k_4-p_0.1.txt,4,0.0011,1.0E-4,0.0,0.0144
./instances/complex/health-n_300,22,0.0,1.0E-4,0.0,7.0E-4
./instances/complex/wikispeedia-n_700,77,0.0016,7.0E-4,2.0E-4,0.0357
./instances/synthetic/synth-n_225-m_2816-k_15-p_0.1.txt,15,0.0026,4.0E-4,0.0023,0.3573
./instances/complex/biology-n_35-m_315-p_0.75-18,15,0.001,0.0,1.0E-4,0.3682
./instances/synthetic/synth-n_140-m_531-k_8-p_0.05.txt,7,0.0,2.0E-4,0.0,8.0E-4
./instances/synthetic/synth-n_300-m_2261-k_2-p_0.05.txt,2,0.0,5.0E-4,0.0,0.0016
./instances/synthetic/synth-n_200-m_1172-k_20-p_0.05.txt,20,0.0012,2.0E-4,4.0E-4,0.2269
./instances/complex/biology-n_30-m_287-p_0.75-5,12,0.001,0.0,1.0E-4,0.1885
./instances/synthetic/synth-n_90-m_504-k_15-p_0.1.txt,15,0.0013,1.0E-4,2.0E-4,0.1291
./instances/synthetic/synth-n_140-m_2379-k_25-p_0.2.txt,25,0.002,0.0,8.0E-4,1.1226
./instances/complex/link-kv-n_100,8,9.0E-4,0.0,0.0,0.0043
./instances/complex/wikispeedia-n_300,23,0.0,1.0E-4,0.0,4.0E-4
./instances/complex/advotogo-n_100,3,0.0,0.0,0.0,2.0E-4
./instances/synthetic/synth-n_70-m_308-k_10-p_0.1.txt,9,8.0E-4,1.0E-4,1.0E-4,0.0518
./instances/complex/blogs-n_500,68,9.0E-4,7.0E-4,1.0E-4,0.0193
./instances/synthetic/synth-n_80-m_780-k_20-p_0.2.txt,20,0.0015,0.0,3.0E-4,0.4464
./instances/complex/usairport-n_1000,251,0.0015,0.0012,4.0E-4,0.0895
./instances/synthetic/synth-n_120-m_372-k_4-p_0.05.txt,4,0.0,1.0E-4,0.0,6.0E-4
./instances/synthetic/synth-n_180-m_1683-k_6-p_0.1.txt,6,0.0015,2.0E-4,4.0E-4,0.0952
./instances/synthetic/synth-n_180-m_1658-k_2-p_0.1.txt,2,0.0,3.0E-4,0.0,0.0017
./instances/synthetic/synth-n_100-m_344-k_25-p_0.05.txt,12,9.0E-4,1.0E-4,1.0E-4,0.1195
./instances/complex/usairport-n_500,100,0.001,3.0E-4,1.0E-4,0.0235
./instances/synthetic/synth-n_80-m_400-k_15-p_0.1.txt,14,9.0E-4,1.0E-4,2.0E-4,0.1375
./instances/synthetic/synth-n_225-m_2884-k_20-p_0.1.txt,20,0.0021,1.0E-4,0.0011,1.2926
./instances/synthetic/synth-n_60-m_122-k_15-p_0.05.txt,5,9.0E-4,1.0E-4,0.0,0.0086
./instances/complex/biology-n_28-m_249-p_0.5-8,15,8.0E-4,0.0,1.0E-4,0.3071
./instances/complex/biology-n_29-m_153-p_0.75-21,11,8.0E-4,0.0,1.0E-4,0.1044
./instances/synthetic/synth-n_100-m_565-k_6-p_0.1.txt,6,0.0,2.0E-4,0.0,8.0E-4
./instances/complex/chess-n_100,2,0.0,0.0,0.0,2.0E-4
./instances/complex/biology-n_45-m_326-p_0.5-16,21,9.0E-4,0.0,1.0E-4,0.3396
./instances/synthetic/synth-n_225-m_2964-k_30-p_0.1.txt,30,0.0023,1.0E-4,0.0011,1.7716
./instances/complex/ChicagoRegional-n_400,13,0.0,0.0,0.0,5.0E-4
./instances/complex/biology-n_28-m_163-p_0.9-11,5,8.0E-4,0.0,0.0,0.0143
./instances/synthetic/synth-n_40-m_114-k_10-p_0.1.txt,6,0.0,0.0,0.0,5.0E-4
./instances/synthetic/synth-n_70-m_312-k_20-p_0.1.txt,16,9.0E-4,0.0,1.0E-4,0.4022
./instances/complex/openflights-n_500,88,0.0,1.0E-4,0.0,0.001
./instances/complex/trust,166,9.0E-4,4.0E-4,0.0,0.0044
./instances/synthetic/synth-n_50-m_320-k_15-p_0.2.txt,14,9.0E-4,0.0,1.0E-4,0.0774
./instances/complex/usairport-n_700,154,0.0013,8.0E-4,3.0E-4,0.0795
./instances/synthetic/synth-n_120-m_391-k_6-p_0.05.txt,5,7.0E-4,1.0E-4,1.0E-4,0.0114
./instances/synthetic/synth-n_140-m_1047-k_4-p_0.1.txt,4,0.0,2.0E-4,0.0,9.0E-4
./instances/synthetic/synth-n_90-m_1019-k_15-p_0.2.txt,15,0.0012,0.0,3.0E-4,0.176
./instances/synthetic/synth-n_140-m_1070-k_10-p_0.1.txt,10,0.0012,1.0E-4,3.0E-4,0.1096
./instances/synthetic/synth-n_100-m_645-k_20-p_0.1.txt,20,0.0011,1.0E-4,2.0E-4,0.3019
./instances/complex/biology-n_25-m_231-p_0.75-6,13,7.0E-4,0.0,1.0E-4,0.2488
./instances/synthetic/synth-n_180-m_4031-k_30-p_0.2.txt,30,0.0028,0.0,0.0016,3.2177
./instances/synthetic/synth-n_160-m_1412-k_8-p_0.1.txt,8,0.0016,1.0E-4,5.0E-4,0.1526
./instances/synthetic/synth-n_50-m_192-k_20-p_0.1.txt,11,8.0E-4,0.0,1.0E-4,0.0933
./instances/synthetic/synth-n_100-m_277-k_8-p_0.05.txt,4,0.0,1.0E-4,0.0,7.0E-4
./instances/synthetic/synth-n_140-m_1184-k_15-p_0.1.txt,15,0.0022,1.0E-4,4.0E-4,0.1719
./instances/complex/link-kv-n_400,78,8.0E-4,1.0E-4,3.0E-4,0.0046
./instances/synthetic/synth-n_50-m_327-k_10-p_0.2.txt,10,0.0027,1.0E-4,3.0E-4,0.0705
./instances/complex/biology-n_29-m_153-p_0.5-21,11,8.0E-4,0.0,1.0E-4,0.1463
./instances/synthetic/synth-n_225-m_1390-k_10-p_0.05.txt,10,0.0025,8.0E-4,0.001,0.1252
./instances/synthetic/synth-n_140-m_547-k_10-p_0.05.txt,8,0.0,4.0E-4,0.0,0.0011
./instances/synthetic/synth-n_40-m_88-k_4-p_0.1.txt,3,0.0,8.0E-4,0.0,0.0018
./instances/synthetic/synth-n_180-m_3396-k_8-p_0.2.txt,8,0.0043,3.0E-4,0.0034,0.3376
./instances/synthetic/synth-n_40-m_185-k_4-p_0.2.txt,4,0.0011,2.0E-4,1.0E-4,0.012
./instances/synthetic/synth-n_250-m_7252-k_30-p_0.2.txt,30,0.005,2.0E-4,0.0057,6.2197
./instances/complex/biology-n_22-m_76-p_0.9-9,3,7.0E-4,0.0,0.0,0.0086
./instances/complex/biology-n_35-m_315-p_0.5-18,17,9.0E-4,0.0,1.0E-4,0.526
./instances/synthetic/synth-n_120-m_950-k_20-p_0.1.txt,20,0.0016,1.0E-4,4.0E-4,0.4637
./instances/synthetic/synth-n_50-m_90-k_20-p_0.05.txt,2,0.0,0.0,0.0,4.0E-4
./instances/complex/link-kv-n_800,182,9.0E-4,4.0E-4,9.0E-4,0.0074
./instances/synthetic/synth-n_225-m_1484-k_25-p_0.05.txt,25,0.0015,2.0E-4,5.0E-4,0.6435
./instances/synthetic/synth-n_50-m_66-k_2-p_0.05.txt,1,0.0,0.0,0.0,4.0E-4
./instances/synthetic/synth-n_140-m_508-k_2-p_0.05.txt,2,0.0,1.0E-4,0.0,5.0E-4
./instances/synthetic/synth-n_250-m_1512-k_2-p_0.05.txt,2,0.0,3.0E-4,0.0,0.0011
./instances/synthetic/synth-n_90-m_239-k_6-p_0.05.txt,4,0.0,1.0E-4,0.0,4.0E-4
./instances/synthetic/synth-n_100-m_1009-k_2-p_0.2.txt,2,0.0,2.0E-4,0.0,7.0E-4
./instances/complex/biology-n_28-m_163-p_0.5-11,10,8.0E-4,0.0,1.0E-4,0.0958
./instances/complex/ChicagoRegional-n_200,3,0.0,0.0,0.0,4.0E-4
./instances/synthetic/synth-n_275-m_8114-k_15-p_0.2.txt,15,0.0104,1.0E-4,0.0035,2.2294
./instances/synthetic/synth-n_250-m_7157-k_25-p_0.2.txt,25,0.0041,0.0,0.0028,5.4487
./instances/synthetic/synth-n_60-m_134-k_20-p_0.05.txt,5,0.0,1.0E-4,0.0,5.0E-4
./instances/complex/biology-n_56-m_526-p_0.9-2,17,9.0E-4,0.0,1.0E-4,0.1862
./instances/synthetic/synth-n_100-m_1129-k_10-p_0.2.txt,10,0.0015,1.0E-4,4.0E-4,0.168
./instances/synthetic/synth-n_50-m_169-k_6-p_0.1.txt,6,0.0,1.0E-4,0.0,5.0E-4
./instances/synthetic/synth-n_40-m_194-k_6-p_0.2.txt,5,8.0E-4,0.0,1.0E-4,0.0159
./instances/synthetic/synth-n_300-m_9999-k_25-p_0.2.txt,25,0.0048,1.0E-4,0.0035,6.9828
./instances/complex/talk-oc-n_200,1,0.0,0.0,0.0,4.0E-4
./instances/synthetic/synth-n_180-m_3302-k_4-p_0.2.txt,4,0.0,7.0E-4,0.0,0.0023
./instances/synthetic/synth-n_50-m_71-k_8-p_0.05.txt,2,0.0,0.0,0.0,3.0E-4
./instances/complex/ucsocial-n_400,73,0.0,1.0E-4,0.0,6.0E-4
./instances/synthetic/synth-n_90-m_888-k_8-p_0.2.txt,8,0.0011,1.0E-4,3.0E-4,0.0788
./instances/complex/ChicagoRegional-n_800,41,0.0,0.0,0.0,0.001
./instances/synthetic/synth-n_140-m_511-k_6-p_0.05.txt,6,0.0,2.0E-4,0.0,6.0E-4
./instances/complex/advotogo-n_700,64,7.0E-4,2.0E-4,0.0,0.0043
./instances/synthetic/synth-n_50-m_275-k_2-p_0.2.txt,2,0.0,1.0E-4,0.0,4.0E-4
./instances/synthetic/synth-n_40-m_192-k_15-p_0.2.txt,13,7.0E-4,0.0,1.0E-4,0.0424
./instances/synthetic/synth-n_250-m_7048-k_20-p_0.2.txt,20,0.0039,1.0E-4,0.0025,3.9541
./instances/complex/GD-n_101-m_190.mtx,0,0.0,0.0,0.0,5.0E-4
./instances/complex/temporalGraph-n_500,14,6.0E-4,1.0E-4,0.0,0.0037
./instances/synthetic/synth-n_225-m_2884-k_25-p_0.1.txt,25,0.0022,1.0E-4,0.0011,1.9239
./instances/complex/temporalGraph-n_200,3,0.0,0.0,0.0,5.0E-4
./instances/synthetic/synth-n_250-m_3681-k_30-p_0.1.txt,30,0.0024,1.0E-4,0.0013,1.9559
./instances/synthetic/synth-n_160-m_1595-k_25-p_0.1.txt,25,0.0017,1.0E-4,6.0E-4,0.9645
./instances/complex/blogs-n_100,8,0.0,0.0,0.0,5.0E-4
./instances/synthetic/synth-n_225-m_1274-k_4-p_0.05.txt,4,0.0,3.0E-4,0.0,0.001
./instances/complex/GD-n_23-m_87.mtx,9,7.0E-4,0.0,0.0,0.0046
./instances/complex/advotogo-n_300,15,0.0,0.0,0.0,4.0E-4
./instances/synthetic/synth-n_120-m_1600-k_8-p_0.2.txt,8,0.0014,1.0E-4,5.0E-4,0.1277
./instances/synthetic/synth-n_225-m_5365-k_10-p_0.2.txt,10,0.0031,1.0E-4,0.002,0.7076
./instances/complex/biology-n_9-m_23-p_0.75-1,2,0.0,0.0,0.0,5.0E-4
./instances/complex/biology-n_13-m_51-p_0.9-22,3,0.0,0.0,0.0,3.0E-4
./instances/complex/blogs-n_200,25,0.0,1.0E-4,0.0,5.0E-4
./instances/synthetic/synth-n_80-m_636-k_4-p_0.2.txt,4,0.001,1.0E-4,2.0E-4,0.0305
./instances/synthetic/synth-n_90-m_1018-k_20-p_0.2.txt,20,0.0012,0.0,4.0E-4,0.403
./instances/complex/talk-oc-n_300,0,0.0,0.0,0.0,4.0E-4
./instances/synthetic/synth-n_60-m_442-k_6-p_0.2.txt,6,0.001,1.0E-4,2.0E-4,0.0411
./instances/synthetic/synth-n_200-m_1063-k_2-p_0.05.txt,2,0.0,2.0E-4,0.0,0.0011
./instances/synthetic/synth-n_80-m_350-k_6-p_0.1.txt,5,7.0E-4,1.0E-4,1.0E-4,0.0135
./instances/synthetic/synth-n_160-m_2705-k_6-p_0.2.txt,6,0.0021,1.0E-4,9.0E-4,0.2612
./instances/complex/biology-n_20-m_125-p_0.75-7,5,7.0E-4,0.0,1.0E-4,0.0197
./instances/complex/chess-n_700,23,7.0E-4,2.0E-4,0.0,0.008
./instances/synthetic/synth-n_160-m_1346-k_6-p_0.1.txt,6,0.0,3.0E-4,0.0,0.0011
./instances/synthetic/synth-n_275-m_2051-k_10-p_0.05.txt,10,0.0012,4.0E-4,4.0E-4,0.0524
./instances/synthetic/synth-n_225-m_2681-k_10-p_0.1.txt,10,0.0018,2.0E-4,9.0E-4,0.211
./instances/synthetic/synth-n_180-m_3812-k_25-p_0.2.txt,25,0.0026,0.0,0.0013,2.2886
./instances/synthetic/synth-n_60-m_110-k_2-p_0.05.txt,1,0.0,0.0,0.0,5.0E-4
./instances/complex/chess-n_200,3,0.0,0.0,0.0,2.0E-4
./instances/complex/GD-n_105-m_149.mtx,20,0.0,0.0,0.0,3.0E-4
./instances/synthetic/synth-n_100-m_546-k_8-p_0.1.txt,8,8.0E-4,1.0E-4,1.0E-4,0.0167
./instances/synthetic/synth-n_250-m_6557-k_10-p_0.2.txt,10,0.0038,1.0E-4,0.0023,1.6524
./instances/synthetic/synth-n_225-m_1470-k_20-p_0.05.txt,19,0.0014,2.0E-4,5.0E-4,0.4371
./instances/complex/bitcoinalpha-n_300,22,0.0,0.0,0.0,5.0E-4
./instances/complex/moreno_rhesus-m_16-m_111,10,7.0E-4,0.0,0.0,0.0082
./instances/complex/openflights-n_400,69,0.0,1.0E-4,0.0,7.0E-4
./instances/complex/chess-n_800,37,7.0E-4,3.0E-4,0.0,0.008
./instances/synthetic/synth-n_180-m_3254-k_2-p_0.2.txt,2,0.0,5.0E-4,0.0,0.0023
./instances/synthetic/synth-n_300-m_2429-k_8-p_0.05.txt,8,0.0015,4.0E-4,6.0E-4,0.1782
./instances/synthetic/synth-n_275-m_7982-k_10-p_0.2.txt,10,0.0043,2.0E-4,0.0028,1.0409
./instances/synthetic/synth-n_275-m_8453-k_25-p_0.2.txt,25,0.0043,0.0,0.0029,5.7522
./instances/synthetic/synth-n_20-m_18-k_4-p_0.05.txt,1,0.0,0.0,0.0,4.0E-4
./instances/complex/usairport-n_200,29,0.0,1.0E-4,0.0,4.0E-4
./instances/complex/biology-n_23-m_166-p_0.75-17,10,7.0E-4,0.0,1.0E-4,0.1582
./instances/complex/link-kv-n_1000,238,9.0E-4,4.0E-4,0.0015,0.0072
./instances/synthetic/synth-n_60-m_196-k_2-p_0.1.txt,2,0.0,0.0,0.0,3.0E-4
./instances/complex/biology-n_20-m_125-p_0.9-24,3,6.0E-4,0.0,0.0,0.0112
./instances/synthetic/synth-n_100-m_282-k_2-p_0.05.txt,2,0.0,1.0E-4,0.0,6.0E-4
./instances/complex/moreno_hens-n_32-m_496,11,9.0E-4,0.0,1.0E-4,0.1478
./instances/synthetic/synth-n_60-m_468-k_15-p_0.2.txt,15,0.0012,0.0,2.0E-4,0.2585
./instances/synthetic/synth-n_20-m_59-k_6-p_0.2.txt,3,0.0,0.0,0.0,6.0E-4
./instances/synthetic/synth-n_40-m_36-k_2-p_0.05.txt,0,0.0,0.0,0.0,2.0E-4
./instances/synthetic/synth-n_60-m_207-k_8-p_0.1.txt,8,8.0E-4,1.0E-4,0.0,0.0168
./instances/synthetic/synth-n_120-m_828-k_8-p_0.1.txt,8,0.001,1.0E-4,3.0E-4,0.0455
./instances/synthetic/synth-n_160-m_2910-k_15-p_0.2.txt,15,0.002,1.0E-4,0.001,0.8869
./instances/complex/biology-n_20-m_125-p_0.9-7,4,8.0E-4,0.0,0.0,0.0104
./instances/synthetic/synth-n_180-m_804-k_2-p_0.05.txt,2,0.0,2.0E-4,0.0,9.0E-4
./instances/complex/biology-n_19-m_99-p_0.75-20,6,7.0E-4,0.0,0.0,0.027
./instances/synthetic/synth-n_160-m_743-k_20-p_0.05.txt,19,0.0011,1.0E-4,3.0E-4,0.1994
./instances/synthetic/synth-n_275-m_4371-k_30-p_0.1.txt,30,0.0032,1.0E-4,0.0018,2.7751
./instances/complex/link-kv-n_200,18,7.0E-4,0.0,0.0,0.004
./instances/complex/link-kv-n_300,55,6.0E-4,1.0E-4,1.0E-4,0.0032
./instances/synthetic/synth-n_120-m_791-k_2-p_0.1.txt,2,0.0,2.0E-4,0.0,6.0E-4
./instances/synthetic/synth-n_140-m_2032-k_2-p_0.2.txt,2,0.0,3.0E-4,0.0,0.0013
./instances/complex/talk-oc-n_800,4,0.0,0.0,0.0,3.0E-4
./instances/complex/biology-n_28-m_163-p_0.75-11,8,7.0E-4,0.0,0.0,0.0328
./instances/synthetic/synth-n_70-m_159-k_15-p_0.05.txt,4,0.0,1.0E-4,0.0,6.0E-4
./instances/synthetic/synth-n_200-m_2075-k_10-p_0.1.txt,10,0.0016,2.0E-4,7.0E-4,0.1049
./instances/complex/advotogo-n_400,22,0.0,1.0E-4,0.0,6.0E-4
./instances/synthetic/synth-n_30-m_28-k_6-p_0.05.txt,1,0.0,0.0,0.0,2.0E-4
./instances/synthetic/synth-n_20-m_25-k_8-p_0.1.txt,2,0.0,0.0,0.0,2.0E-4
./instances/synthetic/synth-n_225-m_5212-k_6-p_0.2.txt,6,0.0031,1.0E-4,0.0018,0.3805
./instances/complex/Tina_AskCal-n_11-m_29.mtx,3,0.0,0.0,0.0,5.0E-4
./instances/synthetic/synth-n_180-m_855-k_15-p_0.05.txt,15,0.001,2.0E-4,1.0E-4,0.0422
./instances/synthetic/synth-n_200-m_1075-k_10-p_0.05.txt,10,0.0011,2.0E-4,2.0E-4,0.0557
./instances/complex/ucsocial-n_700,166,0.0,4.0E-4,0.0,0.0019
./instances/synthetic/synth-n_275-m_4227-k_15-p_0.1.txt,15,0.0025,2.0E-4,0.0014,0.8371
./instances/synthetic/synth-n_275-m_2220-k_30-p_0.05.txt,30,0.0018,2.0E-4,0.001,3.9023
./instances/synthetic/synth-n_40-m_58-k_15-p_0.05.txt,1,0.0,0.0,0.0,4.0E-4
./instances/synthetic/synth-n_70-m_125-k_4-p_0.05.txt,0,0.0,0.0,0.0,3.0E-4
./instances/synthetic/synth-n_70-m_167-k_20-p_0.05.txt,8,8.0E-4,0.0,1.0E-4,0.0225
./instances/synthetic/synth-n_50-m_302-k_6-p_0.2.txt,6,8.0E-4,0.0,1.0E-4,0.0203
./instances/synthetic/synth-n_225-m_4993-k_2-p_0.2.txt,2,0.0,9.0E-4,0.0,0.0037
./instances/complex/biology-n_13-m_51-p_0.75-22,3,7.0E-4,0.0,0.0,0.0079
./instances/synthetic/synth-n_80-m_167-k_2-p_0.05.txt,0,0.0,1.0E-4,0.0,4.0E-4
./instances/synthetic/synth-n_140-m_625-k_25-p_0.05.txt,22,0.0011,1.0E-4,2.0E-4,1.0563
./instances/complex/moreno_bison-n_26-m_314,16,9.0E-4,0.0,1.0E-4,0.0207
./instances/synthetic/synth-n_90-m_980-k_10-p_0.2.txt,10,0.0013,0.0,3.0E-4,0.1159
./instances/complex/talk-oc-n_1000,6,0.0,1.0E-4,0.0,8.0E-4
./instances/synthetic/synth-n_140-m_542-k_15-p_0.05.txt,13,0.001,1.0E-4,1.0E-4,0.0539
./instances/synthetic/synth-n_60-m_121-k_10-p_0.05.txt,3,0.0,0.0,0.0,5.0E-4
./instances/synthetic/synth-n_70-m_328-k_15-p_0.1.txt,12,7.0E-4,1.0E-4,1.0E-4,0.1283
./instances/synthetic/synth-n_140-m_2038-k_4-p_0.2.txt,4,0.0018,1.0E-4,6.0E-4,0.056
./instances/synthetic/synth-n_250-m_3249-k_6-p_0.1.txt,6,0.0,7.0E-4,0.0,0.0025
./instances/complex/biology-n_17-m_89-p_0.5-10,6,9.0E-4,0.0,0.0,0.0245
./instances/synthetic/synth-n_300-m_9819-k_20-p_0.2.txt,20,0.0055,0.0,0.0037,3.8825
./instances/complex/biology-n_16-m_79-p_0.9-3,4,7.0E-4,0.0,0.0,0.0102
./instances/synthetic/synth-n_275-m_2019-k_8-p_0.05.txt,8,0.0012,5.0E-4,3.0E-4,0.0488
./instances/synthetic/synth-n_100-m_305-k_20-p_0.05.txt,10,8.0E-4,1.0E-4,1.0E-4,0.0956
./instances/synthetic/synth-n_140-m_1181-k_20-p_0.1.txt,20,0.0018,1.0E-4,6.0E-4,0.3406
./instances/synthetic/synth-n_300-m_9325-k_8-p_0.2.txt,8,0.0046,1.0E-4,0.0035,1.2853
./instances/complex/wikispeedia-n_500,59,8.0E-4,3.0E-4,0.0,0.0316
./instances/synthetic/synth-n_180-m_827-k_6-p_0.05.txt,6,0.0,3.0E-4,0.0,0.0013
./instances/synthetic/synth-n_50-m_139-k_2-p_0.1.txt,2,0.0,0.0,0.0,4.0E-4
./instances/complex/advotogo-n_1000,112,0.0,4.0E-4,0.0,0.0012
./instances/synthetic/synth-n_70-m_304-k_6-p_0.1.txt,6,8.0E-4,1.0E-4,1.0E-4,0.0249
./instances/synthetic/synth-n_300-m_8966-k_2-p_0.2.txt,2,0.0,0.0015,0.0,0.0062
./instances/synthetic/synth-n_180-m_3481-k_10-p_0.2.txt,10,0.0024,1.0E-4,0.0011,0.528
./instances/synthetic/synth-n_275-m_2122-k_15-p_0.05.txt,15,0.002,0.0013,0.0017,0.2452
./instances/synthetic/synth-n_50-m_81-k_10-p_0.05.txt,3,0.0,0.0,0.0,4.0E-4
./instances/synthetic/synth-n_40-m_192-k_10-p_0.2.txt,10,8.0E-4,0.0,1.0E-4,0.0356
./instances/synthetic/synth-n_90-m_216-k_4-p_0.05.txt,3,0.0,1.0E-4,0.0,5.0E-4
./instances/synthetic/synth-n_180-m_1968-k_20-p_0.1.txt,20,0.0034,1.0E-4,0.0015,0.3934
./instances/complex/biology-n_45-m_326-p_0.75-16,18,0.001,0.0,2.0E-4,0.2139
./instances/complex/biology-n_28-m_249-p_0.75-8,13,7.0E-4,0.0,1.0E-4,0.2346
./instances/synthetic/synth-n_140-m_511-k_4-p_0.05.txt,2,0.0,1.0E-4,0.0,7.0E-4
./instances/synthetic/synth-n_200-m_1059-k_8-p_0.05.txt,8,0.0,3.0E-4,0.0,9.0E-4
./instances/synthetic/synth-n_100-m_275-k_10-p_0.05.txt,6,7.0E-4,1.0E-4,0.0,0.0102
./instances/synthetic/synth-n_100-m_542-k_4-p_0.1.txt,4,0.0,1.0E-4,0.0,6.0E-4
./instances/synthetic/synth-n_90-m_445-k_10-p_0.1.txt,10,7.0E-4,1.0E-4,1.0E-4,0.0157
./instances/synthetic/synth-n_90-m_258-k_20-p_0.05.txt,9,9.0E-4,1.0E-4,1.0E-4,0.0248
./instances/synthetic/synth-n_300-m_9694-k_15-p_0.2.txt,15,0.0051,1.0E-4,0.0045,5.5051
./instances/complex/ChicagoRegional-n_700,57,0.0,0.0,0.0,5.0E-4
./instances/synthetic/synth-n_70-m_303-k_8-p_0.1.txt,8,8.0E-4,0.0,1.0E-4,0.0312
./instances/synthetic/synth-n_30-m_55-k_4-p_0.1.txt,2,0.0,0.0,0.0,6.0E-4
./instances/synthetic/synth-n_275-m_7697-k_4-p_0.2.txt,4,0.0037,3.0E-4,0.0024,0.2714
./instances/synthetic/synth-n_250-m_1814-k_25-p_0.05.txt,25,0.0016,2.0E-4,7.0E-4,0.5532
./instances/synthetic/synth-n_30-m_28-k_8-p_0.05.txt,1,0.0,0.0,0.0,4.0E-4
./instances/synthetic/synth-n_300-m_5197-k_30-p_0.1.txt,30,0.0031,1.0E-4,0.0019,3.8811
./instances/complex/biology-n_16-m_79-p_0.75-3,6,8.0E-4,0.0,1.0E-4,0.022
./instances/complex/talk-oc-n_500,4,0.0,0.0,0.0,5.0E-4
./instances/synthetic/synth-n_20-m_9-k_8-p_0.05.txt,0,0.0,0.0,0.0,2.0E-4
./instances/synthetic/synth-n_225-m_1352-k_6-p_0.05.txt,6,0.0,4.0E-4,0.0,0.0011
./instances/synthetic/synth-n_275-m_3808-k_2-p_0.1.txt,2,0.0,8.0E-4,0.0,0.0026
./instances/synthetic/synth-n_300-m_9436-k_10-p_0.2.txt,10,0.0048,1.0E-4,0.0034,1.3031
./instances/complex/biology-n_12-m_45-p_0.5-19,3,7.0E-4,0.0,0.0,0.0079
./instances/complex/temporalGraph-n_700,26,0.0,1.0E-4,0.0,7.0E-4
./instances/synthetic/synth-n_90-m_486-k_6-p_0.1.txt,6,7.0E-4,1.0E-4,1.0E-4,0.0157
./instances/synthetic/synth-n_140-m_632-k_20-p_0.05.txt,16,0.0013,1.0E-4,2.0E-4,0.1161
./instances/synthetic/synth-n_100-m_1235-k_20-p_0.2.txt,20,0.0013,0.0,4.0E-4,0.509
./instances/synthetic/synth-n_140-m_2205-k_15-p_0.2.txt,15,0.0018,0.0,8.0E-4,0.5788
./instances/synthetic/synth-n_160-m_693-k_6-p_0.05.txt,6,0.0,2.0E-4,0.0,8.0E-4
./instances/synthetic/synth-n_200-m_1096-k_6-p_0.05.txt,6,0.0,3.0E-4,0.0,9.0E-4
./instances/synthetic/synth-n_80-m_700-k_8-p_0.2.txt,8,0.0011,1.0E-4,2.0E-4,0.0723
./instances/synthetic/synth-n_80-m_226-k_25-p_0.05.txt,7,8.0E-4,1.0E-4,1.0E-4,0.0146
./instances/complex/chess-n_1000,60,9.0E-4,3.0E-4,1.0E-4,0.0473
./instances/synthetic/synth-n_180-m_1627-k_4-p_0.1.txt,4,0.0,5.0E-4,0.0,0.0022
./instances/synthetic/synth-n_180-m_881-k_4-p_0.05.txt,4,0.0,3.0E-4,0.0,0.0011
./instances/synthetic/synth-n_140-m_2080-k_6-p_0.2.txt,6,0.0024,1.0E-4,0.001,0.2239
./instances/synthetic/synth-n_300-m_4762-k_8-p_0.1.txt,8,0.0025,4.0E-4,0.0014,0.3032
./instances/synthetic/synth-n_50-m_91-k_6-p_0.05.txt,1,0.0,0.0,0.0,5.0E-4
./instances/synthetic/synth-n_60-m_94-k_4-p_0.05.txt,1,0.0,0.0,0.0,2.0E-4
./instances/synthetic/synth-n_30-m_73-k_10-p_0.1.txt,4,7.0E-4,0.0,0.0,0.0091
./instances/synthetic/synth-n_300-m_4893-k_15-p_0.1.txt,15,0.003,2.0E-4,0.0018,0.7201
./instances/synthetic/synth-n_50-m_139-k_4-p_0.1.txt,2,7.0E-4,0.0,0.0,0.0051
./instances/synthetic/synth-n_80-m_319-k_4-p_0.1.txt,3,0.0,1.0E-4,0.0,5.0E-4
./instances/complex/chess-n_400,10,0.0,1.0E-4,0.0,3.0E-4
./instances/complex/biology-n_19-m_99-p_0.5-20,7,7.0E-4,0.0,0.0,0.0612
./instances/complex/biology-n_22-m_76-p_0.75-9,4,0.001,0.0,0.0,0.007
./instances/synthetic/synth-n_275-m_2121-k_25-p_0.05.txt,25,0.0017,2.0E-4,8.0E-4,1.4151
./instances/complex/usairport-n_100,10,0.0,0.0,0.0,6.0E-4
./instances/synthetic/synth-n_60-m_222-k_6-p_0.1.txt,5,0.0,1.0E-4,0.0,3.0E-4
./instances/synthetic/synth-n_40-m_61-k_8-p_0.05.txt,1,0.0,0.0,0.0,2.0E-4
./instances/synthetic/synth-n_60-m_428-k_8-p_0.2.txt,8,0.001,0.0,2.0E-4,0.0504
./instances/complex/maayan_foodweb-n_183-m_2476,11,7.0E-4,3.0E-4,0.0,0.0045
./instances/synthetic/synth-n_200-m_4591-k_20-p_0.2.txt,20,0.0037,1.0E-4,0.0019,1.1984
./instances/synthetic/synth-n_20-m_25-k_2-p_0.1.txt,1,0.0,0.0,0.0,4.0E-4
./instances/complex/ucsocial-n_200,24,0.0,0.0,0.0,3.0E-4
./instances/synthetic/synth-n_40-m_176-k_2-p_0.2.txt,2,0.0,0.0,0.0,3.0E-4
./instances/complex/wikispeedia-n_100,6,0.0,0.0,0.0,2.0E-4
./instances/synthetic/synth-n_30-m_117-k_10-p_0.2.txt,7,7.0E-4,0.0,0.0,0.0121
./instances/synthetic/synth-n_120-m_724-k_4-p_0.1.txt,4,0.0,2.0E-4,0.0,9.0E-4
./instances/synthetic/synth-n_160-m_641-k_2-p_0.05.txt,2,0.0,1.0E-4,0.0,6.0E-4
./instances/synthetic/synth-n_160-m_1324-k_2-p_0.1.txt,2,0.0,3.0E-4,0.0,9.0E-4
./instances/synthetic/synth-n_80-m_402-k_20-p_0.1.txt,16,9.0E-4,0.0,1.0E-4,0.1612
./instances/complex/biology-n_12-m_33-p_0.75-15,3,0.0,0.0,0.0,4.0E-4
./instances/synthetic/synth-n_60-m_437-k_10-p_0.2.txt,10,0.001,0.0,1.0E-4,0.0668
./instances/synthetic/synth-n_225-m_1286-k_2-p_0.05.txt,2,0.0,5.0E-4,0.0,0.0017
./instances/synthetic/synth-n_30-m_25-k_2-p_0.05.txt,0,0.0,0.0,0.0,3.0E-4
./instances/complex/biology-n_30-m_287-p_0.9-5,10,0.0012,0.0,2.0E-4,0.2159
./instances/synthetic/synth-n_275-m_7718-k_8-p_0.2.txt,8,0.0039,2.0E-4,0.0029,1.0156
./instances/synthetic/synth-n_60-m_124-k_25-p_0.05.txt,6,6.0E-4,0.0,0.0,0.0091
./instances/complex/link-kv-n_700,166,8.0E-4,2.0E-4,6.0E-4,0.0072
./instances/complex/convote,29,0.0,1.0E-4,0.0,6.0E-4
./instances/synthetic/synth-n_200-m_2275-k_15-p_0.1.txt,15,0.0017,1.0E-4,7.0E-4,0.242
./instances/complex/biology-n_36-m_219-p_0.5-12,17,8.0E-4,0.0,1.0E-4,0.1733
./instances/synthetic/synth-n_50-m_357-k_20-p_0.2.txt,20,0.001,0.0,1.0E-4,0.2621
./instances/complex/ChicagoRegional-n_1000,90,0.0,1.0E-4,0.0,7.0E-4
./instances/complex/health-n_400,42,0.0,1.0E-4,0.0,5.0E-4
./instances/synthetic/synth-n_200-m_1115-k_15-p_0.05.txt,15,0.0012,2.0E-4,3.0E-4,0.1854
./instances/complex/bitcoinalpha-n_200,13,0.0,0.0,0.0,5.0E-4
./instances/synthetic/synth-n_200-m_4097-k_2-p_0.2.txt,2,0.0,7.0E-4,0.0,0.0026
./instances/complex/moreno_sheep-n_28-m_250,8,8.0E-4,0.0,1.0E-4,0.0207
./instances/synthetic/synth-n_80-m_193-k_6-p_0.05.txt,4,0.0,1.0E-4,0.0,7.0E-4
./instances/complex/usairport-n_800,191,0.001,6.0E-4,1.0E-4,0.0274
./instances/synthetic/synth-n_90-m_273-k_25-p_0.05.txt,11,7.0E-4,1.0E-4,1.0E-4,0.0534
./instances/synthetic/synth-n_50-m_334-k_8-p_0.2.txt,8,7.0E-4,0.0,1.0E-4,0.0174
./instances/synthetic/synth-n_250-m_1667-k_8-p_0.05.txt,8,0.0,4.0E-4,0.0,0.002
./instances/synthetic/synth-n_100-m_568-k_10-p_0.1.txt,10,9.0E-4,1.0E-4,2.0E-4,0.0539
./instances/synthetic/synth-n_160-m_3134-k_30-p_0.2.txt,30,0.0021,0.0,0.001,1.7128
./instances/complex/GD-n_121-m_207.mtx,43,0.0,0.0,0.0,5.0E-4
./instances/synthetic/synth-n_30-m_111-k_8-p_0.2.txt,7,0.0,0.0,0.0,3.0E-4
./instances/complex/talk-oc-n_700,2,0.0,1.0E-4,0.0,5.0E-4
./instances/synthetic/synth-n_200-m_4629-k_25-p_0.2.txt,25,0.0028,1.0E-4,0.0016,2.0718
./instances/synthetic/synth-n_120-m_871-k_15-p_0.1.txt,15,0.0012,1.0E-4,3.0E-4,0.1107
./instances/synthetic/synth-n_60-m_243-k_25-p_0.1.txt,14,9.0E-4,0.0,1.0E-4,0.1331
./instances/synthetic/synth-n_20-m_48-k_2-p_0.2.txt,2,0.0,0.0,0.0,5.0E-4
./instances/synthetic/synth-n_90-m_410-k_4-p_0.1.txt,4,0.0,1.0E-4,0.0,4.0E-4
./instances/synthetic/synth-n_250-m_3436-k_15-p_0.1.txt,15,0.0024,2.0E-4,0.0011,0.4556
./instances/synthetic/synth-n_180-m_1962-k_25-p_0.1.txt,25,0.0017,1.0E-4,7.0E-4,1.1053
./instances/synthetic/synth-n_100-m_1107-k_6-p_0.2.txt,6,0.0014,1.0E-4,3.0E-4,0.0432
./instances/synthetic/synth-n_120-m_788-k_6-p_0.1.txt,6,0.0,2.0E-4,0.0,0.001
./instances/synthetic/synth-n_200-m_2488-k_30-p_0.1.txt,30,0.002,1.0E-4,8.0E-4,1.4295
./instances/synthetic/synth-n_225-m_1391-k_15-p_0.05.txt,15,0.0013,2.0E-4,5.0E-4,0.2586
./instances/synthetic/synth-n_180-m_867-k_8-p_0.05.txt,8,0.0,2.0E-4,0.0,9.0E-4
./instances/synthetic/synth-n_30-m_114-k_6-p_0.2.txt,5,8.0E-4,0.0,0.0,0.011
./instances/synthetic/synth-n_225-m_5504-k_15-p_0.2.txt,15,0.0033,1.0E-4,0.0026,2.8055
./instances/synthetic/synth-n_70-m_180-k_25-p_0.05.txt,7,0.0011,1.0E-4,1.0E-4,0.0148
./instances/synthetic/synth-n_80-m_222-k_30-p_0.05.txt,12,0.001,1.0E-4,1.0E-4,0.1304
./instances/synthetic/synth-n_100-m_262-k_6-p_0.05.txt,5,0.0,1.0E-4,0.0,8.0E-4
./instances/complex/biology-n_17-m_89-p_0.9-10,4,9.0E-4,0.0,0.0,0.0087
./instances/complex/openflights-n_700,148,8.0E-4,3.0E-4,0.0,0.0106
./instances/complex/wikispeedia-n_200,10,0.0,0.0,0.0,4.0E-4
./instances/synthetic/synth-n_40-m_112-k_8-p_0.1.txt,6,7.0E-4,0.0,0.0,0.0078
./instances/complex/biology-n_13-m_39-p_0.5-4,2,9.0E-4,0.0,0.0,0.0083
./instances/complex/bitcoinalpha-n_1000,149,0.0,3.0E-4,0.0,0.0013
./instances/synthetic/synth-n_275-m_3928-k_8-p_0.1.txt,8,0.0,9.0E-4,0.0,0.0027
./instances/complex/temporalGraph-n_100,3,0.0,0.0,0.0,2.0E-4
./instances/complex/health-n_1000,232,9.0E-4,0.001,1.0E-4,0.0127
./instances/synthetic/synth-n_30-m_97-k_2-p_0.2.txt,2,0.0,0.0,0.0,4.0E-4
./instances/synthetic/synth-n_160-m_2577-k_2-p_0.2.txt,2,0.0,5.0E-4,0.0,0.0019
./instances/synthetic/synth-n_40-m_203-k_8-p_0.2.txt,7,8.0E-4,0.0,1.0E-4,0.0319
./instances/synthetic/synth-n_50-m_97-k_15-p_0.05.txt,4,0.0,1.0E-4,0.0,4.0E-4
./instances/synthetic/synth-n_40-m_92-k_2-p_0.1.txt,2,0.0,0.0,0.0,2.0E-4
./instances/synthetic/synth-n_120-m_1530-k_10-p_0.2.txt,10,0.0018,0.0,6.0E-4,0.1987
./instances/synthetic/synth-n_70-m_156-k_10-p_0.05.txt,4,0.0,1.0E-4,0.0,5.0E-4
./instances/complex/advotogo-n_800,79,0.0,3.0E-4,0.0,0.001
./instances/synthetic/synth-n_70-m_553-k_8-p_0.2.txt,8,0.001,1.0E-4,1.0E-4,0.0334
./instances/synthetic/synth-n_80-m_369-k_8-p_0.1.txt,7,0.0,1.0E-4,0.0,6.0E-4
./instances/synthetic/synth-n_300-m_10263-k_30-p_0.2.txt,30,0.0054,0.0,0.0043,7.532
./instances/synthetic/synth-n_70-m_135-k_8-p_0.05.txt,3,0.0,1.0E-4,0.0,5.0E-4
./instances/complex/biology-n_29-m_153-p_0.9-21,5,8.0E-4,0.0,0.0,0.0096
./instances/synthetic/synth-n_60-m_271-k_20-p_0.1.txt,15,0.0016,1.0E-4,2.0E-4,0.4927
./instances/synthetic/synth-n_250-m_1575-k_6-p_0.05.txt,6,0.0,4.0E-4,0.0,0.0016
./instances/complex/wikispeedia-n_800,110,0.0015,6.0E-4,2.0E-4,0.068
./instances/complex/biology-n_23-m_166-p_0.5-17,12,8.0E-4,0.0,1.0E-4,0.2007
./instances/synthetic/synth-n_70-m_538-k_4-p_0.2.txt,4,0.001,1.0E-4,2.0E-4,0.031
./instances/synthetic/synth-n_30-m_60-k_2-p_0.1.txt,1,0.0,0.0,0.0,5.0E-4
./instances/synthetic/synth-n_160-m_1447-k_15-p_0.1.txt,15,0.0014,1.0E-4,5.0E-4,0.2008
./instances/synthetic/synth-n_160-m_2611-k_4-p_0.2.txt,4,0.0,4.0E-4,0.0,0.0019
./instances/synthetic/synth-n_180-m_895-k_20-p_0.05.txt,19,0.001,2.0E-4,2.0E-4,0.1242
./instances/synthetic/synth-n_180-m_1717-k_8-p_0.1.txt,8,0.0,4.0E-4,0.0,0.0015
./instances/synthetic/synth-n_90-m_855-k_6-p_0.2.txt,6,0.0,2.0E-4,0.0,6.0E-4
./instances/synthetic/synth-n_70-m_258-k_2-p_0.1.txt,2,0.0,1.0E-4,0.0,3.0E-4
./instances/synthetic/synth-n_80-m_170-k_4-p_0.05.txt,0,0.0,0.0,0.0,3.0E-4
./instances/synthetic/synth-n_80-m_214-k_20-p_0.05.txt,10,7.0E-4,0.0,1.0E-4,0.0195
./instances/synthetic/synth-n_200-m_4241-k_6-p_0.2.txt,6,0.0027,1.0E-4,0.0013,0.2905
./instances/complex/biology-n_36-m_219-p_0.9-12,9,6.0E-4,0.0,0.0,0.006
./instances/complex/ChicagoRegional-n_500,21,0.0,0.0,0.0,4.0E-4
./instances/complex/temporalGraph-n_1000,45,7.0E-4,3.0E-4,0.0,0.0106
./instances/complex/ChicagoRegional-n_300,8,0.0,0.0,0.0,3.0E-4
./instances/complex/biology-n_12-m_43-p_0.5-25,4,6.0E-4,0.0,0.0,0.01
./instances/complex/biology-n_16-m_79-p_0.5-3,6,7.0E-4,0.0,0.0,0.0374
./instances/synthetic/synth-n_140-m_1046-k_6-p_0.1.txt,6,0.0,2.0E-4,0.0,0.001
./instances/synthetic/synth-n_90-m_188-k_2-p_0.05.txt,0,0.0,1.0E-4,0.0,3.0E-4
./instances/complex/openflights-n_800,179,0.0,2.0E-4,0.0,0.0013
./instances/synthetic/synth-n_225-m_5291-k_8-p_0.2.txt,8,0.0029,1.0E-4,0.0016,0.4612
./instances/complex/biology-n_45-m_326-p_0.9-16,14,0.0011,0.0,2.0E-4,0.1229
./instances/synthetic/synth-n_20-m_58-k_4-p_0.2.txt,4,7.0E-4,0.0,0.0,0.0084
./instances/complex/biology-n_9-m_23-p_0.9-1,1,0.0,0.0,0.0,3.0E-4
./instances/synthetic/synth-n_60-m_114-k_6-p_0.05.txt,2,0.0,0.0,0.0,2.0E-4
./instances/complex/GD-n_62-m_287.mtx,38,7.0E-4,0.0,1.0E-4,0.0204
./instances/synthetic/synth-n_200-m_4270-k_8-p_0.2.txt,8,0.0025,1.0E-4,0.0016,0.3951
./instances/complex/GD-n_36-m_57.mtx,5,0.0,0.0,0.0,4.0E-4
./instances/complex/polbooks-n_105-m_441.mtx,0,0.0,1.0E-4,0.0,4.0E-4
./instances/synthetic/synth-n_40-m_47-k_6-p_0.05.txt,0,0.0,0.0,0.0,2.0E-4
./instances/complex/biology-n_59-m_624-p_0.9-1,22,0.001,0.0,2.0E-4,0.6418
./instances/synthetic/synth-n_250-m_3387-k_10-p_0.1.txt,10,0.0025,2.0E-4,0.0014,0.3245
./instances/synthetic/synth-n_250-m_3199-k_8-p_0.1.txt,8,0.0021,4.0E-4,8.0E-4,0.1222
./instances/complex/temporalGraph-n_300,7,0.0,0.0,0.0,5.0E-4
./instances/complex/biology-n_22-m_76-p_0.5-9,4,7.0E-4,0.0,0.0,0.0087
./instances/synthetic/synth-n_50-m_278-k_4-p_0.2.txt,4,7.0E-4,0.0,1.0E-4,0.0132
./instances/synthetic/synth-n_180-m_3690-k_20-p_0.2.txt,20,0.0023,1.0E-4,0.0012,2.0959
./instances/complex/openflights-n_200,24,0.0,0.0,0.0,5.0E-4
./instances/synthetic/synth-n_140-m_2149-k_8-p_0.2.txt,8,0.0063,1.0E-4,0.0013,0.394
./instances/synthetic/synth-n_80-m_305-k_2-p_0.1.txt,1,0.0,1.0E-4,0.0,6.0E-4
./instances/synthetic/synth-n_200-m_2356-k_25-p_0.1.txt,25,0.0022,1.0E-4,0.001,1.4876
./instances/synthetic/synth-n_250-m_6493-k_6-p_0.2.txt,6,0.0,0.0012,0.0,0.0047
./instances/synthetic/synth-n_300-m_4664-k_6-p_0.1.txt,6,0.0,0.001,0.0,0.0034
./instances/synthetic/synth-n_120-m_1825-k_25-p_0.2.txt,25,0.0017,0.0,6.0E-4,1.1014
./instances/synthetic/synth-n_70-m_591-k_6-p_0.2.txt,6,0.0012,1.0E-4,2.0E-4,0.0326
./instances/complex/biology-n_12-m_45-p_0.75-19,3,7.0E-4,0.0,0.0,0.0084
./instances/complex/ucsocial-n_800,183,0.0,7.0E-4,0.0,0.0027
./instances/synthetic/synth-n_80-m_186-k_8-p_0.05.txt,3,0.0,1.0E-4,0.0,4.0E-4
./instances/complex/biology-n_20-m_125-p_0.75-24,9,8.0E-4,0.0,0.0,0.1003
./instances/synthetic/synth-n_30-m_64-k_8-p_0.1.txt,3,0.0,0.0,0.0,7.0E-4
./instances/synthetic/synth-n_275-m_4399-k_25-p_0.1.txt,25,0.0028,1.0E-4,0.0021,2.6329
./instances/synthetic/synth-n_50-m_159-k_10-p_0.1.txt,8,0.002,1.0E-4,1.0E-4,0.0269
./instances/synthetic/synth-n_180-m_3408-k_6-p_0.2.txt,6,0.0049,1.0E-4,0.0027,0.5009
./instances/complex/biology-n_28-m_249-p_0.9-8,6,8.0E-4,0.0,1.0E-4,0.0165
./instances/synthetic/synth-n_300-m_2495-k_25-p_0.05.txt,25,0.0019,2.0E-4,0.001,0.8026
./instances/synthetic/synth-n_80-m_169-k_10-p_0.05.txt,6,0.0,1.0E-4,0.0,5.0E-4
./instances/complex/bitcoinalpha-n_500,59,0.0,1.0E-4,0.0,4.0E-4
./instances/complex/bitcoinalpha-n_800,91,0.0,2.0E-4,0.0,6.0E-4
./instances/synthetic/synth-n_120-m_455-k_15-p_0.05.txt,10,9.0E-4,1.0E-4,1.0E-4,0.0731
./instances/synthetic/synth-n_70-m_645-k_20-p_0.2.txt,20,0.0011,0.0,3.0E-4,0.4464
./instances/complex/biology-n_12-m_33-p_0.9-15,3,0.0,0.0,0.0,4.0E-4
./instances/synthetic/synth-n_100-m_346-k_30-p_0.05.txt,17,9.0E-4,1.0E-4,1.0E-4,0.9877
./instances/synthetic/synth-n_80-m_189-k_15-p_0.05.txt,6,0.0,1.0E-4,0.0,8.0E-4
./instances/complex/health-n_500,80,0.0,2.0E-4,0.0,9.0E-4
./instances/synthetic/synth-n_200-m_4411-k_15-p_0.2.txt,15,0.0041,1.0E-4,0.0023,2.5029
./instances/complex/chess-n_300,4,0.0,1.0E-4,0.0,5.0E-4
./instances/synthetic/synth-n_275-m_3815-k_6-p_0.1.txt,6,0.0025,4.0E-4,0.0011,0.1465
./instances/complex/biology-n_17-m_89-p_0.75-10,6,7.0E-4,0.0,0.0,0.0281
./instances/complex/biology-n_25-m_231-p_0.5-6,13,8.0E-4,0.0,1.0E-4,0.2532
./instances/synthetic/synth-n_60-m_196-k_4-p_0.1.txt,4,0.0,1.0E-4,0.0,5.0E-4
./instances/synthetic/synth-n_100-m_1231-k_25-p_0.2.txt,25,0.0014,0.0,4.0E-4,0.699
./instances/synthetic/synth-n_120-m_1775-k_20-p_0.2.txt,20,0.0016,0.0,7.0E-4,0.8099
./instances/synthetic/synth-n_200-m_4160-k_10-p_0.2.txt,10,0.008,1.0E-4,0.0016,0.7289
./instances/synthetic/synth-n_180-m_1958-k_15-p_0.1.txt,15,0.0019,1.0E-4,7.0E-4,0.3067
./instances/synthetic/synth-n_10-m_12-k_2-p_0.2.txt,0,0.0,0.0,0.0,5.0E-4
./instances/synthetic/synth-n_275-m_8461-k_30-p_0.2.txt,30,0.0051,1.0E-4,0.006,7.9682
./instances/synthetic/synth-n_300-m_9050-k_4-p_0.2.txt,4,0.0042,3.0E-4,0.0038,0.2881
./instances/synthetic/synth-n_20-m_20-k_4-p_0.1.txt,0,0.0,0.0,0.0,5.0E-4
./instances/synthetic/synth-n_120-m_790-k_10-p_0.1.txt,10,0.0012,1.0E-4,3.0E-4,0.0693
./instances/synthetic/synth-n_300-m_2561-k_30-p_0.05.txt,30,0.0019,2.0E-4,9.0E-4,0.6776
./instances/complex/GD-n_84-m_196.mtx,0,0.0,1.0E-4,0.0,6.0E-4
./instances/synthetic/synth-n_200-m_1093-k_4-p_0.05.txt,4,0.0,3.0E-4,0.0,9.0E-4
./instances/complex/wikispeedia-n_1000,162,0.0012,7.0E-4,2.0E-4,0.1044
./instances/complex/health-n_200,16,0.0,0.0,0.0,5.0E-4
./instances/synthetic/synth-n_300-m_5040-k_25-p_0.1.txt,25,0.0028,1.0E-4,0.0017,2.6101
./instances/synthetic/synth-n_300-m_2480-k_20-p_0.05.txt,20,0.0023,4.0E-4,9.0E-4,0.4085
./instances/synthetic/synth-n_70-m_191-k_30-p_0.05.txt,10,7.0E-4,1.0E-4,0.0,0.0099
./instances/synthetic/synth-n_275-m_1895-k_2-p_0.05.txt,2,0.0,4.0E-4,0.0,0.0015
./instances/complex/openflights-n_300,37,0.0,0.0,0.0,4.0E-4
./instances/synthetic/synth-n_120-m_1409-k_2-p_0.2.txt,2,0.0,2.0E-4,0.0,0.001
./instances/complex/biology-n_23-m_166-p_0.9-17,6,7.0E-4,0.0,0.0,0.0145
./instances/synthetic/synth-n_300-m_4565-k_4-p_0.1.txt,4,0.0023,5.0E-4,0.0011,0.103
./instances/synthetic/synth-n_90-m_327-k_30-p_0.05.txt,14,9.0E-4,1.0E-4,1.0E-4,0.2514
./instances/complex/biology-n_36-m_219-p_0.75-12,14,8.0E-4,0.0,1.0E-4,0.0712
./instances/synthetic/synth-n_120-m_482-k_25-p_0.05.txt,17,9.0E-4,1.0E-4,2.0E-4,0.5185
./instances/synthetic/synth-n_200-m_4165-k_4-p_0.2.txt,4,0.0024,3.0E-4,0.0012,0.1201
./instances/synthetic/synth-n_90-m_269-k_15-p_0.05.txt,9,6.0E-4,1.0E-4,1.0E-4,0.0406
./instances/complex/biology-n_35-m_315-p_0.9-18,10,8.0E-4,0.0,1.0E-4,0.2148
./instances/synthetic/synth-n_160-m_1523-k_20-p_0.1.txt,20,0.0015,1.0E-4,5.0E-4,0.3719
./instances/complex/biology-n_49-m_689-p_0.9-14,19,0.0011,0.0,2.0E-4,1.0054
./instances/synthetic/synth-n_225-m_5223-k_4-p_0.2.txt,4,0.003,2.0E-4,0.0017,0.2644
./instances/synthetic/synth-n_250-m_1710-k_15-p_0.05.txt,15,0.0014,2.0E-4,5.0E-4,0.2025
./instances/complex/biology-n_20-m_125-p_0.5-24,8,0.001,0.0,1.0E-4,0.0675
./instances/synthetic/synth-n_50-m_154-k_8-p_0.1.txt,6,6.0E-4,0.0,0.0,0.0098
./instances/synthetic/synth-n_120-m_1520-k_4-p_0.2.txt,4,0.0012,1.0E-4,3.0E-4,0.034
./instances/synthetic/synth-n_160-m_1409-k_10-p_0.1.txt,10,0.0012,1.0E-4,4.0E-4,0.1193
./instances/complex/temporalGraph-n_800,33,0.0,2.0E-4,0.0,0.0011
./instances/complex/ucsocial-n_1000,253,0.0,9.0E-4,0.0,0.0043
./instances/synthetic/synth-n_160-m_731-k_10-p_0.05.txt,10,0.0012,1.0E-4,2.0E-4,0.0623
./instances/synthetic/synth-n_250-m_6262-k_2-p_0.2.txt,2,0.0,0.001,0.0,0.0062
./instances/synthetic/synth-n_250-m_3124-k_4-p_0.1.txt,4,0.0,7.0E-4,0.0,0.0022
./instances/synthetic/synth-n_50-m_195-k_15-p_0.1.txt,8,8.0E-4,1.0E-4,1.0E-4,0.0157
./instances/complex/moreno_innovation-n_241-m_1098,79,8.0E-4,2.0E-4,1.0E-4,0.0301
./instances/complex/biology-n_19-m_99-p_0.9-20,3,0.0,0.0,0.0,4.0E-4
./instances/synthetic/synth-n_225-m_5936-k_30-p_0.2.txt,30,0.0035,0.0,0.0022,5.2707
./instances/complex/biology-n_20-m_125-p_0.5-7,9,7.0E-4,0.0,1.0E-4,0.0984
./instances/synthetic/synth-n_180-m_902-k_10-p_0.05.txt,10,0.001,2.0E-4,2.0E-4,0.0391
./instances/synthetic/synth-n_250-m_1757-k_20-p_0.05.txt,20,0.0017,3.0E-4,5.0E-4,0.6417
./instances/complex/talk-oc-n_400,1,0.0,0.0,0.0,7.0E-4
./instances/complex/biology-n_12-m_43-p_0.75-25,3,0.0,0.0,0.0,3.0E-4
./instances/synthetic/synth-n_180-m_3631-k_15-p_0.2.txt,15,0.005,1.0E-4,0.0017,1.5653
./instances/complex/bitcoinalpha-n_100,5,0.0,0.0,0.0,5.0E-4
./instances/complex/ucsocial-n_300,44,0.0,3.0E-4,0.0,0.0011
./instances/synthetic/synth-n_275-m_8401-k_20-p_0.2.txt,20,0.0077,1.0E-4,0.0062,6.7643
./instances/complex3/health-n_50,2,0.0,0.0,0.0,5.0E-4
./instances/complex3/talk-oc-n_50,0,0.0,0.0,0.0,2.0E-4
./instances/complex3/temporalGraph-n_50,3,0.0,0.0,0.0,3.0E-4
./instances/synthetic3/synth-n_50-m_139-k_5-p_0.1.txt,1,0.0,1.0E-4,0.0,6.0E-4
./instances/complex3/link-kv-n_100,8,0.0,0.0,0.0,6.0E-4
./instances/complex3/bitcoinalpha-n_200,11,0.0,0.0,0.0,4.0E-4
./instances/complex3/ucsocial-n_50,3,0.0,0.0,0.0,3.0E-4
./instances/synthetic3/synth-n_50-m_143-k_10-p_0.1.txt,5,0.0,1.0E-4,0.0,4.0E-4
./instances/complex3/link-kv-n_500,83,9.0E-4,2.0E-4,2.0E-4,0.0068
./instances/complex3/talk-oc-n_1500,15,0.0,6.0E-4,0.0,0.0018
./instances/complex3/ChicagoRegional-n_3000,631,0.0012,0.001,0.0,0.021
./instances/complex3/openflights-n_1000,201,9.0E-4,7.0E-4,0.0,0.0203
./instances/synthetic3/synth-n_200-m_2199-k_10-p_0.1.txt,10,0.005,2.0E-4,0.0015,0.2862
./instances/synthetic3/synth-n_250-m_1806-k_20-p_0.05.txt,20,0.0025,4.0E-4,0.0012,0.5936
./instances/synthetic3/synth-n_250-m_3416-k_15-p_0.1.txt,15,0.0031,3.0E-4,0.0021,0.8746
./instances/synthetic3/synth-n_300-m_4857-k_15-p_0.1.txt,15,0.0032,3.0E-4,0.0021,1.4113
./instances/complex3/ChicagoRegional-n_8000,3028,0.0022,0.0089,0.0024,0.1876
./instances/synthetic3/synth-n_250-m_7102-k_25-p_0.2.txt,25,0.0076,1.0E-4,0.0049,5.5623
./instances/synthetic3/synth-n_500-m_6745-k_25-p_0.05.txt,25,0.0045,4.0E-4,0.003,2.1856
./instances/complex3/wikispeedia-n_100,0,0.0,0.0,0.0,4.0E-4
./instances/complex3/link-kv-n_200,20,6.0E-4,0.0,0.0,0.0028
./instances/complex3/talk-oc-n_200,0,0.0,0.0,0.0,2.0E-4
./instances/complex3/ucsocial-n_500,80,0.0,2.0E-4,0.0,8.0E-4
./instances/complex3/openflights-n_1500,413,7.0E-4,8.0E-4,0.0,0.0086
./instances/complex3/advotogo-n_1500,215,7.0E-4,8.0E-4,0.0,0.0114
./instances/synthetic3/synth-n_200-m_2169-k_15-p_0.1.txt,15,0.0016,2.0E-4,7.0E-4,0.2596
./instances/complex3/bitcoinalpha-n_3000,658,8.0E-4,0.0023,0.0,0.0198
./instances/synthetic3/synth-n_400-m_4229-k_20-p_0.05.txt,20,0.0025,4.0E-4,0.0014,1.1511
./instances/synthetic3/synth-n_300-m_5319-k_30-p_0.1.txt,30,0.003,1.0E-4,0.0019,5.4102
./instances/complex3/link-kv-n_50,0,0.0,0.0,0.0,4.0E-4
./instances/complex3/ucsocial-n_200,23,0.0,0.0,0.0,3.0E-4
./instances/complex3/health-n_100,4,0.0,0.0,0.0,2.0E-4
./instances/synthetic3/synth-n_150-m_1269-k_15-p_0.1.txt,15,0.0014,1.0E-4,4.0E-4,0.1598
./instances/complex3/advotogo-n_3000,548,0.0012,0.0042,2.0E-4,0.0554
./instances/synthetic3/synth-n_150-m_2446-k_10-p_0.2.txt,10,0.0023,1.0E-4,0.0012,0.3749
./instances/synthetic3/synth-n_500-m_13672-k_25-p_0.1.txt,25,0.0067,2.0E-4,0.0058,11.3627
./instances/synthetic3/synth-n_200-m_2369-k_25-p_0.1.txt,25,0.0019,1.0E-4,8.0E-4,1.1519
./instances/complex3/ChicagoRegional-n_9000,3651,0.002,0.0136,0.0034,0.2538
./instances/synthetic3/synth-n_200-m_4763-k_25-p_0.2.txt,25,0.0039,1.0E-4,0.0028,2.9535
./instances/complex3/ChicagoRegional-n_200,5,0.0,0.0,0.0,4.0E-4
./instances/complex3/temporalGraph-n_500,17,8.0E-4,2.0E-4,0.0,0.0093
./instances/complex3/blogs-n_50,6,0.0,0.0,0.0,4.0E-4
./instances/complex3/temporalGraph-n_100,0,0.0,0.0,0.0,2.0E-4
./instances/complex3/blogs-n_200,16,0.0,1.0E-4,0.0,4.0E-4
./instances/complex3/ChicagoRegional-n_10000,4193,0.0022,0.0082,0.0063,0.2589
./instances/complex3/advotogo-n_1000,127,7.0E-4,4.0E-4,0.0,0.0078
./instances/synthetic3/synth-n_150-m_630-k_15-p_0.05.txt,15,9.0E-4,1.0E-4,2.0E-4,0.1136
./instances/synthetic3/synth-n_300-m_10113-k_25-p_0.2.txt,25,0.0052,1.0E-4,0.0039,8.1885
./instances/complex3/blogs-n_500,76,9.0E-4,4.0E-4,1.0E-4,0.0327
./instances/synthetic3/synth-n_300-m_10954-k_50-p_0.2.txt,50,0.0065,1.0E-4,0.0056,14.1598
./instances/complex3/health-n_200,17,0.0,0.0,0.0,4.0E-4
./instances/synthetic3/synth-n_250-m_1653-k_10-p_0.05.txt,10,0.0,5.0E-4,0.0,0.0013
./instances/complex3/talk-oc-n_3000,29,0.0,8.0E-4,0.0,0.003
./instances/synthetic3/synth-n_300-m_2373-k_15-p_0.05.txt,15,0.0018,3.0E-4,8.0E-4,0.3432
./instances/synthetic3/synth-n_150-m_2502-k_15-p_0.2.txt,15,0.0021,1.0E-4,8.0E-4,0.808
./instances/synthetic3/synth-n_250-m_3493-k_25-p_0.1.txt,25,0.0026,1.0E-4,0.0013,2.4012
./instances/synthetic3/synth-n_300-m_4954-k_20-p_0.1.txt,20,0.0035,2.0E-4,0.0019,2.0271
./instances/synthetic3/synth-n_250-m_6839-k_20-p_0.2.txt,20,0.0039,1.0E-4,0.0024,2.8375
./instances/complex3/bitcoinalpha-n_100,2,0.0,0.0,0.0,4.0E-4
./instances/synthetic3/synth-n_500-m_13283-k_20-p_0.1.txt,20,0.0076,3.0E-4,0.007,5.3847
./instances/complex3/ChicagoRegional-n_5000,1484,0.001,0.0014,2.0E-4,0.025
./instances/synthetic3/synth-n_200-m_4301-k_10-p_0.2.txt,10,0.0028,1.0E-4,0.0014,0.9132
./instances/synthetic3/synth-n_400-m_18943-k_50-p_0.2.txt,50,0.0174,1.0E-4,0.0137,25.8102
./instances/complex3/blogs-n_100,8,0.0,0.0,0.0,4.0E-4
./instances/synthetic3/synth-n_300-m_10205-k_30-p_0.2.txt,30,0.0052,0.0,0.0044,8.2188
./instances/synthetic3/synth-n_300-m_2470-k_20-p_0.05.txt,20,0.0076,3.0E-4,8.0E-4,0.635
./instances/synthetic3/synth-n_150-m_1284-k_20-p_0.1.txt,20,0.0015,1.0E-4,5.0E-4,0.306
./instances/synthetic3/synth-n_500-m_26954-k_25-p_0.2.txt,25,0.0123,2.0E-4,0.0138,27.4505
./instances/synthetic3/synth-n_400-m_17822-k_30-p_0.2.txt,30,0.0076,1.0E-4,0.0078,73.0543
./instances/synthetic3/synth-n_300-m_9556-k_15-p_0.2.txt,15,0.0043,1.0E-4,0.0031,2.0194
./instances/complex3/usairport-n_100,13,0.0,0.0,0.0,4.0E-4
./instances/complex3/temporalGraph-n_1500,77,0.0,5.0E-4,0.0,0.0022
./instances/synthetic3/synth-n_250-m_3730-k_30-p_0.1.txt,30,0.0021,1.0E-4,0.0012,1.9139
./instances/synthetic3/synth-n_300-m_2597-k_25-p_0.05.txt,25,0.0023,2.0E-4,8.0E-4,0.8664
./instances/synthetic3/synth-n_700-m_26060-k_25-p_0.1.txt,25,0.0209,5.0E-4,0.0139,81.9572
./instances/synthetic3/synth-n_250-m_6880-k_15-p_0.2.txt,15,0.0044,1.0E-4,0.0022,3.8826
./instances/synthetic3/synth-n_500-m_26431-k_20-p_0.2.txt,20,0.0115,1.0E-4,0.0134,27.527
./instances/complex3/temporalGraph-n_200,5,0.0,0.0,0.0,0.0023
./instances/synthetic3/synth-n_300-m_10021-k_20-p_0.2.txt,20,0.005,1.0E-4,0.0037,9.5612
./instances/complex3/health-n_1500,446,0.0014,0.0015,0.0,0.0145
./instances/synthetic3/synth-n_50-m_164-k_15-p_0.1.txt,9,7.0E-4,0.0,1.0E-4,0.0581
./instances/complex3/openflights-n_2000,593,0.0011,0.002,1.0E-4,0.0192
./instances/complex3/chess-n_100,0,0.0,0.0,0.0,7.0E-4
./instances/synthetic3/synth-n_500-m_28432-k_50-p_0.2.txt,50,0.0123,1.0E-4,0.0133,41.5412
./instances/complex3/usairport-n_500,112,0.0012,4.0E-4,2.0E-4,0.0625
./instances/synthetic3/synth-n_1000-m_27142-k_50-p_0.05.txt,50,0.0116,5.0E-4,0.015,91.8501
./instances/synthetic3/synth-n_100-m_611-k_10-p_0.1.txt,10,0.0016,1.0E-4,2.0E-4,0.1001
./instances/synthetic3/synth-n_150-m_1385-k_25-p_0.1.txt,25,0.0014,1.0E-4,5.0E-4,0.5969
./instances/synthetic3/synth-n_400-m_8815-k_25-p_0.1.txt,25,0.0052,1.0E-4,0.0029,5.101
./instances/synthetic3/synth-n_700-m_27622-k_50-p_0.1.txt,50,0.0124,1.0E-4,0.0133,60.7881
./instances/complex3/bitcoinalpha-n_50,2,0.0,0.0,0.0,0.0015
./instances/complex3/talk-oc-n_500,3,0.0,0.0,0.0,4.0E-4
./instances/synthetic3/synth-n_100-m_1151-k_15-p_0.2.txt,15,0.0022,0.0,4.0E-4,0.3054
./instances/synthetic3/synth-n_700-m_28433-k_70-p_0.1.txt,70,0.021,1.0E-4,0.0135,121.0349
./instances/synthetic3/synth-n_150-m_1254-k_10-p_0.1.txt,10,0.0013,1.0E-4,4.0E-4,0.0995
./instances/synthetic3/synth-n_200-m_1076-k_10-p_0.05.txt,10,0.0,3.0E-4,0.0,0.0021
./instances/synthetic3/synth-n_150-m_634-k_10-p_0.05.txt,7,0.0,2.0E-4,0.0,0.0013
./instances/synthetic3/synth-n_500-m_14453-k_50-p_0.1.txt,50,0.0075,2.0E-4,0.0066,21.9481
./instances/synthetic3/synth-n_250-m_1797-k_25-p_0.05.txt,25,0.002,2.0E-4,6.0E-4,0.6358
./instances/synthetic3/synth-n_100-m_343-k_25-p_0.05.txt,14,9.0E-4,1.0E-4,1.0E-4,0.1039
./instances/synthetic3/synth-n_200-m_1245-k_25-p_0.05.txt,24,0.0014,2.0E-4,4.0E-4,0.3994
./instances/complex3/health-n_1000,231,0.0026,0.0014,1.0E-4,0.0218
./instances/synthetic3/synth-n_700-m_13000-k_25-p_0.05.txt,25,0.0107,0.0013,0.0127,4.2164
./instances/complex3/ChicagoRegional-n_2000,307,7.0E-4,2.0E-4,0.0,0.0074
./instances/synthetic3/synth-n_400-m_9014-k_30-p_0.1.txt,30,0.0048,2.0E-4,0.0033,6.5283
./instances/synthetic3/synth-n_300-m_4934-k_25-p_0.1.txt,25,0.0102,5.0E-4,0.0066,3.8273
./instances/complex3/advotogo-n_50,0,0.0,0.0,0.0,4.0E-4
./instances/synthetic3/synth-n_500-m_6986-k_30-p_0.05.txt,30,0.0038,4.0E-4,0.003,2.0528
./instances/synthetic3/synth-n_1000-m_54531-k_50-p_0.1.txt,-1,0.0265,8.0E-4,0.0355,180.0
./instances/complex3/ChicagoRegional-n_1500,181,0.0,2.0E-4,0.0,0.0018
./instances/synthetic3/synth-n_500-m_29623-k_70-p_0.2.txt,70,0.0152,1.0E-4,0.0216,65.831
./instances/complex3/health-n_500,67,0.0,2.0E-4,0.0,0.0018
./instances/synthetic3/synth-n_100-m_302-k_15-p_0.05.txt,8,0.0013,1.0E-4,0.0,0.0111
./instances/complex3/bitcoinalpha-n_1000,136,0.0,2.0E-4,0.0,0.0027
./instances/synthetic3/synth-n_700-m_52169-k_30-p_0.2.txt,30,0.0225,1.0E-4,0.0229,172.166
./instances/synthetic3/synth-n_50-m_325-k_15-p_0.2.txt,15,0.001,0.0,1.0E-4,0.2574
./instances/synthetic3/synth-n_50-m_92-k_20-p_0.05.txt,2,0.0,0.0,0.0,0.0103
./instances/complex3/advotogo-n_500,39,0.0,1.0E-4,0.0,0.0016
./instances/synthetic3/synth-n_500-m_27136-k_30-p_0.2.txt,30,0.0363,1.0E-4,0.0167,25.35
./instances/synthetic3/synth-n_100-m_628-k_20-p_0.1.txt,20,0.0011,1.0E-4,2.0E-4,0.1547
./instances/synthetic3/synth-n_1300-m_46137-k_70-p_0.05.txt,-1,0.0232,6.0E-4,0.0231,180.0
./instances/complex3/ucsocial-n_1000,258,0.0014,0.0011,2.0E-4,0.0406
./instances/complex3/usairport-n_1000,253,0.0017,9.0E-4,5.0E-4,0.1966
./instances/complex3/ChicagoRegional-n_100,1,0.0,0.0,0.0,4.0E-4
./instances/synthetic3/synth-n_1300-m_45241-k_50-p_0.05.txt,-1,0.0216,9.0E-4,0.0289,180.0
./instances/synthetic3/synth-n_100-m_336-k_30-p_0.05.txt,15,0.001,1.0E-4,1.0E-4,0.2369
./instances/synthetic3/synth-n_700-m_13374-k_30-p_0.05.txt,30,0.0096,0.0018,0.0119,5.5979
./instances/synthetic3/synth-n_400-m_19735-k_70-p_0.2.txt,70,0.0083,1.0E-4,0.0084,33.4333
./instances/synthetic3/synth-n_100-m_1263-k_25-p_0.2.txt,25,0.0026,0.0,5.0E-4,0.6368
./instances/synthetic3/synth-n_50-m_72-k_5-p_0.05.txt,2,0.0,0.0,0.0,6.0E-4
./instances/synthetic3/synth-n_1300-m_95352-k_100-p_0.1.txt,-1,0.0429,3.0E-4,0.06,180.0
./instances/synthetic3/synth-n_1300-m_92255-k_70-p_0.1.txt,-1,0.0407,5.0E-4,0.0419,180.0
./instances/synthetic3/synth-n_200-m_4485-k_20-p_0.2.txt,20,0.0025,0.0,0.0013,1.2662
./instances/synthetic3/synth-n_1300-m_89669-k_50-p_0.1.txt,-1,0.0386,6.0E-4,0.0459,180.0
./instances/synthetic3/synth-n_100-m_1229-k_20-p_0.2.txt,20,0.0013,0.0,4.0E-4,0.4763
./instances/synthetic3/synth-n_1600-m_68907-k_70-p_0.05.txt,-1,0.0317,6.0E-4,0.0416,180.0
./instances/complex3/link-kv-n_1500,391,8.0E-4,7.0E-4,0.0026,0.027
./instances/complex3/temporalGraph-n_1000,40,0.0,3.0E-4,0.0,0.0018
./instances/synthetic3/synth-n_250-m_1708-k_15-p_0.05.txt,15,0.0013,2.0E-4,4.0E-4,0.1564
./instances/complex3/ucsocial-n_100,5,0.0,1.0E-4,0.0,5.0E-4
./instances/synthetic3/synth-n_50-m_95-k_15-p_0.05.txt,4,6.0E-4,0.0,0.0,0.0093
./instances/synthetic3/synth-n_1600-m_137884-k_70-p_0.1.txt,-1,0.0539,4.0E-4,0.1073,180.0
