instance,k,fileTime,totalTime
./instances/synthetic/synth-n_40-m_95-k_6-p_0.1.txt,4,0.0611,0.1322
./instances/synthetic/synth-n_90-m_214-k_8-p_0.05.txt,7,0.0034,0.0984
./instances/complex/biology-n_13-m_51-p_0.5-22,4,0.0017,0.0246
./instances/complex/ucsocial-n_100,14,0.0015,0.0169
./instances/complex/bitcoinalpha-n_400,28,0.0023,0.0156
./instances/complex/advotogo-n_200,5,0.0012,0.0061
./instances/complex/talk-oc-n_100,1,8.0E-4,0.0048
./instances/complex/advotogo-n_500,36,0.0057,0.0569
./instances/complex/blogs-n_300,36,0.0089,0.1468
./instances/synthetic/synth-n_160-m_683-k_8-p_0.05.txt,6,0.0024,0.291
./instances/synthetic/synth-n_60-m_226-k_15-p_0.1.txt,10,0.0017,0.2517
./instances/complex/blogs-n_400,53,0.006,0.7551
./instances/synthetic/synth-n_140-m_1056-k_8-p_0.1.txt,8,0.0052,0.3603
./instances/synthetic/synth-n_250-m_3161-k_2-p_0.1.txt,2,0.0141,0.2273
./instances/synthetic/synth-n_200-m_2076-k_6-p_0.1.txt,6,0.0084,1.4795
./instances/synthetic/synth-n_100-m_596-k_15-p_0.1.txt,15,0.0015,0.2599
./instances/synthetic/synth-n_160-m_746-k_15-p_0.05.txt,14,0.002,1.0595
./instances/synthetic/synth-n_300-m_4553-k_2-p_0.1.txt,2,0.0154,0.2407
./instances/complex/link-kv-n_500,98,0.0033,0.1481
./instances/synthetic/synth-n_300-m_9125-k_6-p_0.2.txt,6,0.011,1.5646
./instances/complex/biology-n_12-m_45-p_0.9-19,1,8.0E-4,0.0091
./instances/complex/moreno_cattle-n_28-m_217,8,0.001,0.0335
./instances/synthetic/synth-n_120-m_368-k_2-p_0.05.txt,2,0.0111,0.0334
./instances/synthetic/synth-n_70-m_560-k_10-p_0.2.txt,10,0.0013,0.136
./instances/synthetic/synth-n_30-m_28-k_4-p_0.05.txt,2,0.001,0.005
./instances/synthetic/synth-n_10-m_12-k_4-p_0.2.txt,1,9.0E-4,0.0039
./instances/complex/baydry,7,0.0038,0.1215
./instances/complex/GD-n_80-m_232.mtx,20,0.0013,0.0652
./instances/synthetic/synth-n_80-m_343-k_10-p_0.1.txt,9,0.0017,0.3
./instances/synthetic/synth-n_100-m_1119-k_8-p_0.2.txt,8,0.0024,0.1514
./instances/synthetic/synth-n_100-m_1028-k_4-p_0.2.txt,4,0.0018,0.4176
./instances/synthetic/synth-n_225-m_1385-k_8-p_0.05.txt,8,0.0026,0.5338
./instances/synthetic/synth-n_225-m_2732-k_4-p_0.1.txt,4,0.0039,0.8515
./instances/synthetic/synth-n_120-m_1738-k_15-p_0.2.txt,15,0.0041,0.4525
./instances/synthetic/synth-n_160-m_2776-k_8-p_0.2.txt,8,0.0037,0.5713
./instances/synthetic/synth-n_200-m_4765-k_30-p_0.2.txt,30,0.0069,2.5272
./instances/synthetic/synth-n_60-m_126-k_8-p_0.05.txt,4,0.0011,0.027
./instances/synthetic/synth-n_50-m_70-k_4-p_0.05.txt,0,0.0012,0.0055
./instances/synthetic/synth-n_120-m_395-k_8-p_0.05.txt,7,0.0017,0.1174
./instances/complex/health-n_700,126,0.0029,0.1026
./instances/synthetic/synth-n_60-m_211-k_10-p_0.1.txt,7,0.0013,0.1801
./instances/synthetic/synth-n_140-m_2487-k_30-p_0.2.txt,30,0.0056,1.5916
./instances/complex/moreno_mac-n_62-m_1187,14,0.003,0.3052
./instances/complex/usairport-n_300,48,0.0022,0.2233
./instances/synthetic/synth-n_275-m_1958-k_4-p_0.05.txt,4,0.004,0.2729
./instances/synthetic/synth-n_120-m_1485-k_6-p_0.2.txt,6,0.0031,0.2839
./instances/synthetic/synth-n_275-m_2130-k_20-p_0.05.txt,20,0.0041,7.9164
./instances/synthetic/synth-n_275-m_4276-k_20-p_0.1.txt,20,0.0076,1.2241
./instances/synthetic/synth-n_275-m_7787-k_6-p_0.2.txt,6,0.0112,1.4746
./instances/synthetic/synth-n_225-m_5734-k_20-p_0.2.txt,20,0.0082,2.7995
./instances/complex/biology-n_30-m_287-p_0.5-5,15,0.0015,0.4123
./instances/complex/biology-n_12-m_43-p_0.9-25,1,8.0E-4,0.0082
./instances/complex/ChicagoRegional-n_100,0,0.0,3.0E-4
./instances/synthetic/synth-n_30-m_99-k_4-p_0.2.txt,3,9.0E-4,0.0114
./instances/synthetic/synth-n_160-m_1318-k_4-p_0.1.txt,4,0.0027,0.0918
./instances/synthetic/synth-n_80-m_667-k_2-p_0.2.txt,2,0.0017,0.0325
./instances/synthetic/synth-n_90-m_450-k_2-p_0.1.txt,2,0.0015,0.0239
./instances/complex/health-n_800,164,0.0027,0.2722
./instances/synthetic/synth-n_90-m_863-k_2-p_0.2.txt,2,0.0019,0.0405
./instances/synthetic/synth-n_250-m_1569-k_4-p_0.05.txt,4,0.0029,0.9778
./instances/synthetic/synth-n_300-m_2234-k_4-p_0.05.txt,4,0.0041,1.9233
./instances/synthetic/synth-n_140-m_2195-k_10-p_0.2.txt,10,0.0029,0.3379
./instances/synthetic/synth-n_300-m_2382-k_6-p_0.05.txt,6,0.0028,4.1529
./instances/synthetic/synth-n_140-m_2299-k_20-p_0.2.txt,20,0.0027,1.1261
./instances/synthetic/synth-n_300-m_2418-k_10-p_0.05.txt,10,0.0039,2.5519
./instances/synthetic/synth-n_275-m_3928-k_10-p_0.1.txt,10,0.0072,3.456
./instances/synthetic/synth-n_160-m_3006-k_20-p_0.2.txt,20,0.0036,1.1455
./instances/synthetic/synth-n_100-m_305-k_4-p_0.05.txt,3,0.0012,0.1134
./instances/synthetic/synth-n_70-m_157-k_6-p_0.05.txt,4,0.0011,0.02
./instances/synthetic/synth-n_20-m_54-k_8-p_0.2.txt,3,9.0E-4,0.0087
./instances/synthetic/synth-n_160-m_663-k_4-p_0.05.txt,4,0.0131,0.1496
./instances/synthetic/synth-n_90-m_248-k_10-p_0.05.txt,7,0.0019,0.2049
./instances/synthetic/synth-n_60-m_380-k_2-p_0.2.txt,2,0.0016,0.0403
./instances/complex/baywet,7,0.0045,0.1688
./instances/synthetic/synth-n_200-m_2088-k_4-p_0.1.txt,4,0.0035,0.496
./instances/complex/openflights-n_1000,228,0.0051,0.3389
./instances/synthetic/synth-n_100-m_1220-k_15-p_0.2.txt,15,0.0021,1.3311
./instances/synthetic/synth-n_70-m_626-k_15-p_0.2.txt,15,0.0026,0.2212
./instances/synthetic/synth-n_275-m_3851-k_4-p_0.1.txt,4,0.004,1.1062
./instances/synthetic/synth-n_225-m_2691-k_8-p_0.1.txt,8,0.0028,0.3876
./instances/synthetic/synth-n_160-m_2720-k_10-p_0.2.txt,10,0.0027,0.4844
./instances/synthetic/synth-n_250-m_6833-k_15-p_0.2.txt,15,0.0052,3.0165
./instances/synthetic/synth-n_40-m_50-k_4-p_0.05.txt,1,0.001,0.0057
./instances/complex/GD-n_38-m_50.mtx,2,9.0E-4,0.0071
./instances/synthetic/synth-n_20-m_38-k_6-p_0.1.txt,2,9.0E-4,0.0095
./instances/synthetic/synth-n_70-m_494-k_2-p_0.2.txt,2,0.0011,0.0273
./instances/synthetic/synth-n_100-m_491-k_2-p_0.1.txt,2,0.0012,0.0266
./instances/synthetic/synth-n_100-m_319-k_15-p_0.05.txt,9,0.001,0.2522
./instances/complex/bitcoinalpha-n_700,86,0.0016,0.0504
./instances/complex/ucsocial-n_500,105,0.0019,0.1522
./instances/synthetic/synth-n_60-m_386-k_4-p_0.2.txt,4,0.0016,0.0376
./instances/complex/biology-n_42-m_297-p_0.9-23,13,0.0014,0.1782
./instances/synthetic/synth-n_250-m_3475-k_20-p_0.1.txt,20,0.005,3.4702
./instances/complex/health-n_100,2,7.0E-4,0.004
./instances/synthetic/synth-n_40-m_114-k_15-p_0.1.txt,6,7.0E-4,0.0213
./instances/complex/GD-n_180-m_229.mtx,2,0.001,0.0084
./instances/synthetic/synth-n_120-m_420-k_10-p_0.05.txt,7,0.0013,0.0525
./instances/synthetic/synth-n_80-m_753-k_10-p_0.2.txt,10,0.0012,0.0801
./instances/synthetic/synth-n_200-m_2119-k_8-p_0.1.txt,8,0.0025,2.0539
./instances/complex/usairport-n_400,84,0.0023,0.5246
./instances/synthetic/synth-n_225-m_2685-k_6-p_0.1.txt,6,0.0027,2.0141
./instances/synthetic/synth-n_300-m_2479-k_15-p_0.05.txt,15,0.0026,2.2747
./instances/synthetic/synth-n_250-m_6353-k_4-p_0.2.txt,4,0.0047,4.0196
./instances/synthetic/synth-n_250-m_6538-k_8-p_0.2.txt,8,0.0049,3.197
./instances/complex/openflights-n_100,8,7.0E-4,0.0067
./instances/synthetic/synth-n_40-m_62-k_10-p_0.05.txt,3,8.0E-4,0.0066
./instances/synthetic/synth-n_70-m_156-k_2-p_0.05.txt,0,8.0E-4,0.0048
./instances/complex/biology-n_25-m_231-p_0.9-6,8,9.0E-4,0.0854
./instances/synthetic/synth-n_140-m_1028-k_2-p_0.1.txt,2,0.0016,0.0939
./instances/complex/wikispeedia-n_400,39,0.0015,0.1337
./instances/synthetic/synth-n_120-m_432-k_20-p_0.05.txt,15,0.0015,1.443
./instances/synthetic/synth-n_275-m_2025-k_6-p_0.05.txt,6,0.0023,1.4738
./instances/synthetic/synth-n_200-m_2270-k_20-p_0.1.txt,20,0.0027,0.8083
./instances/synthetic/synth-n_300-m_4844-k_10-p_0.1.txt,10,0.0064,3.4829
./instances/synthetic/synth-n_250-m_3612-k_25-p_0.1.txt,25,0.0037,1.6388
./instances/synthetic/synth-n_90-m_527-k_20-p_0.1.txt,19,0.0014,0.8094
./instances/synthetic/synth-n_30-m_58-k_6-p_0.1.txt,2,7.0E-4,0.014
./instances/complex/biology-n_12-m_33-p_0.5-15,3,8.0E-4,0.0075
./instances/synthetic/synth-n_90-m_470-k_8-p_0.1.txt,8,0.0015,0.2806
./instances/synthetic/synth-n_90-m_870-k_4-p_0.2.txt,4,0.0017,0.2261
./instances/synthetic/synth-n_80-m_818-k_15-p_0.2.txt,15,0.0014,0.3233
./instances/synthetic/synth-n_250-m_1694-k_10-p_0.05.txt,10,0.003,1.933
./instances/synthetic/synth-n_180-m_1738-k_10-p_0.1.txt,10,0.0022,0.1654
./instances/synthetic/synth-n_160-m_3034-k_25-p_0.2.txt,25,0.0031,1.058
./instances/synthetic/synth-n_300-m_5040-k_20-p_0.1.txt,20,0.0047,1.1506
./instances/synthetic/synth-n_225-m_5854-k_25-p_0.2.txt,25,0.0046,3.4703
./instances/complex/biology-n_9-m_23-p_0.5-1,2,8.0E-4,0.008
./instances/complex/temporalGraph-n_400,12,0.0018,0.0211
./instances/complex/biology-n_13-m_39-p_0.75-4,3,7.0E-4,0.0089
./instances/synthetic/synth-n_80-m_690-k_6-p_0.2.txt,6,0.0012,0.0718
./instances/complex/chess-n_500,16,0.0011,0.031
./instances/synthetic/synth-n_200-m_2096-k_2-p_0.1.txt,2,0.002,0.099
./instances/synthetic/synth-n_225-m_2523-k_2-p_0.1.txt,2,0.0023,0.2559
./instances/synthetic/synth-n_275-m_7607-k_2-p_0.2.txt,2,0.006,1.5355
./instances/complex/biology-n_13-m_39-p_0.9-4,4,7.0E-4,0.0138
./instances/synthetic/synth-n_30-m_35-k_10-p_0.05.txt,0,6.0E-4,0.0034
./instances/synthetic/synth-n_70-m_274-k_4-p_0.1.txt,4,9.0E-4,0.0197
./instances/complex/health-n_300,22,9.0E-4,0.009
./instances/complex/wikispeedia-n_700,77,0.0018,1.4254
./instances/synthetic/synth-n_225-m_2816-k_15-p_0.1.txt,15,0.0032,0.7533
./instances/complex/biology-n_35-m_315-p_0.75-18,15,0.0012,0.4681
./instances/synthetic/synth-n_140-m_531-k_8-p_0.05.txt,7,0.0013,0.2379
./instances/synthetic/synth-n_300-m_2261-k_2-p_0.05.txt,2,0.004,0.1054
./instances/synthetic/synth-n_200-m_1172-k_20-p_0.05.txt,20,0.0024,2.3742
./instances/complex/biology-n_30-m_287-p_0.75-5,12,9.0E-4,0.2856
./instances/synthetic/synth-n_90-m_504-k_15-p_0.1.txt,15,0.0014,0.3393
./instances/synthetic/synth-n_140-m_2379-k_25-p_0.2.txt,25,0.0024,1.146
./instances/complex/link-kv-n_100,8,7.0E-4,0.0052
./instances/complex/wikispeedia-n_300,23,0.001,0.0235
./instances/complex/advotogo-n_100,3,7.0E-4,0.0034
./instances/synthetic/synth-n_70-m_308-k_10-p_0.1.txt,9,0.001,0.1016
./instances/complex/blogs-n_500,68,0.0028,1.5103
./instances/synthetic/synth-n_80-m_780-k_20-p_0.2.txt,20,0.0013,0.3205
./instances/complex/usairport-n_1000,251,0.0082,2.811
./instances/synthetic/synth-n_120-m_372-k_4-p_0.05.txt,4,0.0011,0.0212
./instances/synthetic/synth-n_180-m_1683-k_6-p_0.1.txt,6,0.0018,0.1727
./instances/synthetic/synth-n_180-m_1658-k_2-p_0.1.txt,2,0.0027,0.0624
./instances/synthetic/synth-n_100-m_344-k_25-p_0.05.txt,12,9.0E-4,0.7134
./instances/complex/usairport-n_500,100,0.0024,1.0996
./instances/synthetic/synth-n_80-m_400-k_15-p_0.1.txt,14,0.0012,0.6094
./instances/synthetic/synth-n_225-m_2884-k_20-p_0.1.txt,20,0.0028,1.2548
./instances/synthetic/synth-n_60-m_122-k_15-p_0.05.txt,5,7.0E-4,0.0308
./instances/complex/biology-n_28-m_249-p_0.5-8,15,0.001,0.4098
./instances/complex/biology-n_29-m_153-p_0.75-21,11,8.0E-4,0.0922
./instances/synthetic/synth-n_100-m_565-k_6-p_0.1.txt,6,0.0012,0.069
./instances/complex/chess-n_100,2,7.0E-4,0.0038
./instances/complex/biology-n_45-m_326-p_0.5-16,21,0.001,0.6551
./instances/synthetic/synth-n_225-m_2964-k_30-p_0.1.txt,30,0.0032,1.8577
./instances/complex/ChicagoRegional-n_400,13,8.0E-4,0.0044
./instances/complex/biology-n_28-m_163-p_0.9-11,5,7.0E-4,0.0175
./instances/synthetic/synth-n_40-m_114-k_10-p_0.1.txt,6,0.0112,0.0278
./instances/synthetic/synth-n_70-m_312-k_20-p_0.1.txt,16,0.001,0.8403
./instances/complex/openflights-n_500,88,0.0016,0.0549
./instances/complex/trust,166,0.0023,0.1115
./instances/synthetic/synth-n_50-m_320-k_15-p_0.2.txt,14,0.001,0.1454
./instances/complex/usairport-n_700,154,0.0065,4.1438
./instances/synthetic/synth-n_120-m_391-k_6-p_0.05.txt,5,0.0115,0.0948
./instances/synthetic/synth-n_140-m_1047-k_4-p_0.1.txt,4,0.0016,0.6506
./instances/synthetic/synth-n_90-m_1019-k_15-p_0.2.txt,15,0.0016,0.1841
./instances/synthetic/synth-n_140-m_1070-k_10-p_0.1.txt,10,0.0015,0.38
./instances/synthetic/synth-n_100-m_645-k_20-p_0.1.txt,20,0.0011,0.8194
./instances/complex/biology-n_25-m_231-p_0.75-6,13,0.0016,0.3175
./instances/synthetic/synth-n_180-m_4031-k_30-p_0.2.txt,30,0.0043,2.2105
./instances/synthetic/synth-n_160-m_1412-k_8-p_0.1.txt,8,0.0018,0.3658
./instances/synthetic/synth-n_50-m_192-k_20-p_0.1.txt,11,8.0E-4,0.1595
./instances/synthetic/synth-n_100-m_277-k_8-p_0.05.txt,4,0.001,0.0181
./instances/synthetic/synth-n_140-m_1184-k_15-p_0.1.txt,15,0.0016,0.9435
./instances/complex/link-kv-n_400,78,0.0015,0.0645
./instances/synthetic/synth-n_50-m_327-k_10-p_0.2.txt,10,9.0E-4,0.0432
./instances/complex/biology-n_29-m_153-p_0.5-21,11,8.0E-4,0.181
./instances/synthetic/synth-n_225-m_1390-k_10-p_0.05.txt,10,0.0019,1.6188
./instances/synthetic/synth-n_140-m_547-k_10-p_0.05.txt,8,0.0013,0.2214
./instances/synthetic/synth-n_40-m_88-k_4-p_0.1.txt,3,8.0E-4,0.0124
./instances/synthetic/synth-n_180-m_3396-k_8-p_0.2.txt,8,0.0032,0.7752
./instances/synthetic/synth-n_40-m_185-k_4-p_0.2.txt,4,8.0E-4,0.0245
./instances/synthetic/synth-n_250-m_7252-k_30-p_0.2.txt,30,0.0057,5.2856
./instances/complex/biology-n_22-m_76-p_0.9-9,3,8.0E-4,0.0133
./instances/complex/biology-n_35-m_315-p_0.5-18,17,0.0013,0.6075
./instances/synthetic/synth-n_120-m_950-k_20-p_0.1.txt,20,0.0015,0.341
./instances/synthetic/synth-n_50-m_90-k_20-p_0.05.txt,2,8.0E-4,0.0106
./instances/complex/link-kv-n_800,182,0.003,0.3505
./instances/synthetic/synth-n_225-m_1484-k_25-p_0.05.txt,25,0.0018,10.3001
./instances/synthetic/synth-n_50-m_66-k_2-p_0.05.txt,1,9.0E-4,0.0064
./instances/synthetic/synth-n_140-m_508-k_2-p_0.05.txt,2,0.0012,0.0235
./instances/synthetic/synth-n_250-m_1512-k_2-p_0.05.txt,2,0.0019,0.0525
./instances/synthetic/synth-n_90-m_239-k_6-p_0.05.txt,4,9.0E-4,0.0182
./instances/synthetic/synth-n_100-m_1009-k_2-p_0.2.txt,2,0.0014,0.1749
./instances/complex/biology-n_28-m_163-p_0.5-11,10,8.0E-4,0.1057
./instances/complex/ChicagoRegional-n_200,3,6.0E-4,0.0033
./instances/synthetic/synth-n_275-m_8114-k_15-p_0.2.txt,15,0.006,5.158
./instances/synthetic/synth-n_250-m_7157-k_25-p_0.2.txt,25,0.0059,4.4948
./instances/synthetic/synth-n_60-m_134-k_20-p_0.05.txt,5,8.0E-4,0.0386
./instances/complex/biology-n_56-m_526-p_0.9-2,17,0.0012,0.3107
./instances/synthetic/synth-n_100-m_1129-k_10-p_0.2.txt,10,0.0015,0.1576
./instances/synthetic/synth-n_50-m_169-k_6-p_0.1.txt,6,9.0E-4,0.0245
./instances/synthetic/synth-n_40-m_194-k_6-p_0.2.txt,5,9.0E-4,0.0218
./instances/synthetic/synth-n_300-m_9999-k_25-p_0.2.txt,25,0.0072,7.2239
./instances/complex/talk-oc-n_200,1,7.0E-4,0.0055
./instances/synthetic/synth-n_180-m_3302-k_4-p_0.2.txt,4,0.0031,0.1929
./instances/synthetic/synth-n_50-m_71-k_8-p_0.05.txt,2,8.0E-4,0.0066
./instances/complex/ucsocial-n_400,73,0.0014,0.0526
./instances/synthetic/synth-n_90-m_888-k_8-p_0.2.txt,8,0.0012,0.1233
./instances/complex/ChicagoRegional-n_800,41,8.0E-4,0.0059
./instances/synthetic/synth-n_140-m_511-k_6-p_0.05.txt,6,0.001,0.0965
./instances/complex/advotogo-n_700,64,0.0017,0.1264
./instances/synthetic/synth-n_50-m_275-k_2-p_0.2.txt,2,0.0012,0.0175
./instances/synthetic/synth-n_40-m_192-k_15-p_0.2.txt,13,7.0E-4,0.0512
./instances/synthetic/synth-n_250-m_7048-k_20-p_0.2.txt,20,0.0056,1.9579
./instances/complex/GD-n_101-m_190.mtx,0,9.0E-4,0.0045
./instances/complex/temporalGraph-n_500,14,0.001,0.0153
./instances/synthetic/synth-n_225-m_2884-k_25-p_0.1.txt,25,0.0026,1.4348
./instances/complex/temporalGraph-n_200,3,7.0E-4,0.0037
./instances/synthetic/synth-n_250-m_3681-k_30-p_0.1.txt,30,0.0037,1.6257
./instances/synthetic/synth-n_160-m_1595-k_25-p_0.1.txt,25,0.0019,0.7332
./instances/complex/blogs-n_100,8,8.0E-4,0.0147
./instances/synthetic/synth-n_225-m_1274-k_4-p_0.05.txt,4,0.0018,0.0737
./instances/complex/GD-n_23-m_87.mtx,9,7.0E-4,0.012
./instances/complex/advotogo-n_300,15,7.0E-4,0.0117
./instances/synthetic/synth-n_120-m_1600-k_8-p_0.2.txt,8,0.0017,0.2721
./instances/synthetic/synth-n_225-m_5365-k_10-p_0.2.txt,10,0.0057,1.2086
./instances/complex/biology-n_9-m_23-p_0.75-1,2,0.0015,0.0121
./instances/complex/biology-n_13-m_51-p_0.9-22,3,7.0E-4,0.0163
./instances/complex/blogs-n_200,25,0.0013,0.0388
./instances/synthetic/synth-n_80-m_636-k_4-p_0.2.txt,4,0.0014,0.0779
./instances/synthetic/synth-n_90-m_1018-k_20-p_0.2.txt,20,0.0014,0.6231
./instances/complex/talk-oc-n_300,0,0.0,3.0E-4
./instances/synthetic/synth-n_60-m_442-k_6-p_0.2.txt,6,0.0011,0.0615
./instances/synthetic/synth-n_200-m_1063-k_2-p_0.05.txt,2,0.0017,0.0453
./instances/synthetic/synth-n_80-m_350-k_6-p_0.1.txt,5,0.001,0.0876
./instances/synthetic/synth-n_160-m_2705-k_6-p_0.2.txt,6,0.003,0.3899
./instances/complex/biology-n_20-m_125-p_0.75-7,5,9.0E-4,0.0313
./instances/complex/chess-n_700,23,0.0012,0.0855
./instances/synthetic/synth-n_160-m_1346-k_6-p_0.1.txt,6,0.002,1.3
./instances/synthetic/synth-n_275-m_2051-k_10-p_0.05.txt,10,0.0023,2.8652
./instances/synthetic/synth-n_225-m_2681-k_10-p_0.1.txt,10,0.0026,2.2773
./instances/synthetic/synth-n_180-m_3812-k_25-p_0.2.txt,25,0.0034,2.3055
./instances/synthetic/synth-n_60-m_110-k_2-p_0.05.txt,1,9.0E-4,0.0067
./instances/complex/chess-n_200,3,8.0E-4,0.0138
./instances/complex/GD-n_105-m_149.mtx,20,8.0E-4,0.0198
./instances/synthetic/synth-n_100-m_546-k_8-p_0.1.txt,8,0.001,0.368
./instances/synthetic/synth-n_250-m_6557-k_10-p_0.2.txt,10,0.0055,1.768
./instances/synthetic/synth-n_225-m_1470-k_20-p_0.05.txt,19,0.0019,5.1938
./instances/complex/bitcoinalpha-n_300,22,8.0E-4,0.0051
./instances/complex/moreno_rhesus-m_16-m_111,10,7.0E-4,0.013
./instances/complex/openflights-n_400,69,0.0019,0.0579
./instances/complex/chess-n_800,37,0.0015,0.2938
./instances/synthetic/synth-n_180-m_3254-k_2-p_0.2.txt,2,0.0037,0.6165
./instances/synthetic/synth-n_300-m_2429-k_8-p_0.05.txt,8,0.0047,3.8234
./instances/synthetic/synth-n_275-m_7982-k_10-p_0.2.txt,10,0.0062,3.0562
./instances/synthetic/synth-n_275-m_8453-k_25-p_0.2.txt,25,0.0066,4.818
./instances/synthetic/synth-n_20-m_18-k_4-p_0.05.txt,1,0.001,0.0062
./instances/complex/usairport-n_200,29,0.0015,0.1021
./instances/complex/biology-n_23-m_166-p_0.75-17,10,8.0E-4,0.1059
./instances/complex/link-kv-n_1000,238,0.007,3.2575
./instances/synthetic/synth-n_60-m_196-k_2-p_0.1.txt,2,9.0E-4,0.0118
./instances/complex/biology-n_20-m_125-p_0.9-24,3,8.0E-4,0.0149
./instances/synthetic/synth-n_100-m_282-k_2-p_0.05.txt,2,0.001,0.0123
./instances/complex/moreno_hens-n_32-m_496,11,0.001,0.1911
./instances/synthetic/synth-n_60-m_468-k_15-p_0.2.txt,15,0.0013,0.1852
./instances/synthetic/synth-n_20-m_59-k_6-p_0.2.txt,3,9.0E-4,0.0144
./instances/synthetic/synth-n_40-m_36-k_2-p_0.05.txt,0,9.0E-4,0.0055
./instances/synthetic/synth-n_60-m_207-k_8-p_0.1.txt,8,0.0016,0.3134
./instances/synthetic/synth-n_120-m_828-k_8-p_0.1.txt,8,0.0014,0.2929
./instances/synthetic/synth-n_160-m_2910-k_15-p_0.2.txt,15,0.0033,1.5559
./instances/complex/biology-n_20-m_125-p_0.9-7,4,8.0E-4,0.0192
./instances/synthetic/synth-n_180-m_804-k_2-p_0.05.txt,2,0.0014,0.0401
./instances/complex/biology-n_19-m_99-p_0.75-20,6,7.0E-4,0.0515
./instances/synthetic/synth-n_160-m_743-k_20-p_0.05.txt,19,0.0014,3.1768
./instances/synthetic/synth-n_275-m_4371-k_30-p_0.1.txt,30,0.0046,3.0647
./instances/complex/link-kv-n_200,18,8.0E-4,0.0217
./instances/complex/link-kv-n_300,55,0.0013,0.0387
./instances/synthetic/synth-n_120-m_791-k_2-p_0.1.txt,2,0.0017,0.0322
./instances/synthetic/synth-n_140-m_2032-k_2-p_0.2.txt,2,0.0027,0.1124
./instances/complex/talk-oc-n_800,4,0.001,0.0075
./instances/complex/biology-n_28-m_163-p_0.75-11,8,7.0E-4,0.0515
./instances/synthetic/synth-n_70-m_159-k_15-p_0.05.txt,4,8.0E-4,0.0216
./instances/synthetic/synth-n_200-m_2075-k_10-p_0.1.txt,10,0.0023,0.3372
./instances/complex/advotogo-n_400,22,0.0013,0.0149
./instances/synthetic/synth-n_30-m_28-k_6-p_0.05.txt,1,7.0E-4,0.0036
./instances/synthetic/synth-n_20-m_25-k_8-p_0.1.txt,2,7.0E-4,0.0058
./instances/synthetic/synth-n_225-m_5212-k_6-p_0.2.txt,6,0.0043,0.6432
./instances/complex/Tina_AskCal-n_11-m_29.mtx,3,7.0E-4,0.0055
./instances/synthetic/synth-n_180-m_855-k_15-p_0.05.txt,15,0.0014,0.8117
./instances/synthetic/synth-n_200-m_1075-k_10-p_0.05.txt,10,0.0016,1.294
./instances/complex/ucsocial-n_700,166,0.0031,0.3937
./instances/synthetic/synth-n_275-m_4227-k_15-p_0.1.txt,15,0.0037,0.6983
./instances/synthetic/synth-n_275-m_2220-k_30-p_0.05.txt,30,0.0022,5.8745
./instances/synthetic/synth-n_40-m_58-k_15-p_0.05.txt,1,7.0E-4,0.0096
./instances/synthetic/synth-n_70-m_125-k_4-p_0.05.txt,0,7.0E-4,0.0045
./instances/synthetic/synth-n_70-m_167-k_20-p_0.05.txt,8,7.0E-4,0.09
./instances/synthetic/synth-n_50-m_302-k_6-p_0.2.txt,6,0.001,0.0327
./instances/synthetic/synth-n_225-m_4993-k_2-p_0.2.txt,2,0.004,0.8365
./instances/complex/biology-n_13-m_51-p_0.75-22,3,7.0E-4,0.0106
./instances/synthetic/synth-n_80-m_167-k_2-p_0.05.txt,0,7.0E-4,0.0041
./instances/synthetic/synth-n_140-m_625-k_25-p_0.05.txt,22,0.0011,2.8918
./instances/complex/moreno_bison-n_26-m_314,16,0.0015,0.1281
./instances/synthetic/synth-n_90-m_980-k_10-p_0.2.txt,10,0.0024,0.2147
./instances/complex/talk-oc-n_1000,6,0.0017,0.0175
./instances/synthetic/synth-n_140-m_542-k_15-p_0.05.txt,13,0.0018,0.8201
./instances/synthetic/synth-n_60-m_121-k_10-p_0.05.txt,3,0.0011,0.0201
./instances/synthetic/synth-n_70-m_328-k_15-p_0.1.txt,12,0.001,0.3927
./instances/synthetic/synth-n_140-m_2038-k_4-p_0.2.txt,4,0.0023,1.0541
./instances/synthetic/synth-n_250-m_3249-k_6-p_0.1.txt,6,0.0046,2.3051
./instances/complex/biology-n_17-m_89-p_0.5-10,6,7.0E-4,0.0631
./instances/synthetic/synth-n_300-m_9819-k_20-p_0.2.txt,20,0.0073,3.6711
./instances/complex/biology-n_16-m_79-p_0.9-3,4,7.0E-4,0.0169
./instances/synthetic/synth-n_275-m_2019-k_8-p_0.05.txt,8,0.0025,2.1342
./instances/synthetic/synth-n_100-m_305-k_20-p_0.05.txt,10,0.0011,0.3467
./instances/synthetic/synth-n_140-m_1181-k_20-p_0.1.txt,20,0.0018,0.5666
./instances/synthetic/synth-n_300-m_9325-k_8-p_0.2.txt,8,0.0072,4.8082
./instances/complex/wikispeedia-n_500,59,0.002,0.6842
./instances/synthetic/synth-n_180-m_827-k_6-p_0.05.txt,6,0.0014,0.643
./instances/synthetic/synth-n_50-m_139-k_2-p_0.1.txt,2,8.0E-4,0.0123
./instances/complex/advotogo-n_1000,112,0.002,0.1143
./instances/synthetic/synth-n_70-m_304-k_6-p_0.1.txt,6,0.001,0.1112
./instances/synthetic/synth-n_300-m_8966-k_2-p_0.2.txt,2,0.0075,1.4881
./instances/synthetic/synth-n_180-m_3481-k_10-p_0.2.txt,10,0.003,0.7506
./instances/synthetic/synth-n_275-m_2122-k_15-p_0.05.txt,15,0.0022,3.7885
./instances/synthetic/synth-n_50-m_81-k_10-p_0.05.txt,3,7.0E-4,0.0124
./instances/synthetic/synth-n_40-m_192-k_10-p_0.2.txt,10,8.0E-4,0.0333
./instances/synthetic/synth-n_90-m_216-k_4-p_0.05.txt,3,9.0E-4,0.0134
./instances/synthetic/synth-n_180-m_1968-k_20-p_0.1.txt,20,0.002,0.7318
./instances/complex/biology-n_45-m_326-p_0.75-16,18,0.0016,0.2425
./instances/complex/biology-n_28-m_249-p_0.75-8,13,0.001,0.3155
./instances/synthetic/synth-n_140-m_511-k_4-p_0.05.txt,2,0.0017,0.0807
./instances/synthetic/synth-n_200-m_1059-k_8-p_0.05.txt,8,0.0016,0.2793
./instances/synthetic/synth-n_100-m_275-k_10-p_0.05.txt,6,0.001,0.0269
./instances/synthetic/synth-n_100-m_542-k_4-p_0.1.txt,4,0.0012,0.0533
./instances/synthetic/synth-n_90-m_445-k_10-p_0.1.txt,10,0.001,0.1089
./instances/synthetic/synth-n_90-m_258-k_20-p_0.05.txt,9,9.0E-4,0.2824
./instances/synthetic/synth-n_300-m_9694-k_15-p_0.2.txt,15,0.0085,3.0116
./instances/complex/ChicagoRegional-n_700,57,8.0E-4,0.0053
./instances/synthetic/synth-n_70-m_303-k_8-p_0.1.txt,8,9.0E-4,0.1116
./instances/synthetic/synth-n_30-m_55-k_4-p_0.1.txt,2,8.0E-4,0.0083
./instances/synthetic/synth-n_275-m_7697-k_4-p_0.2.txt,4,0.006,0.7351
./instances/synthetic/synth-n_250-m_1814-k_25-p_0.05.txt,25,0.0019,4.6836
./instances/synthetic/synth-n_30-m_28-k_8-p_0.05.txt,1,7.0E-4,0.0041
./instances/synthetic/synth-n_300-m_5197-k_30-p_0.1.txt,30,0.0055,2.7961
./instances/complex/biology-n_16-m_79-p_0.75-3,6,8.0E-4,0.0347
./instances/complex/talk-oc-n_500,4,7.0E-4,0.0036
./instances/synthetic/synth-n_20-m_9-k_8-p_0.05.txt,0,6.0E-4,0.0036
./instances/synthetic/synth-n_225-m_1352-k_6-p_0.05.txt,6,0.0017,0.989
./instances/synthetic/synth-n_275-m_3808-k_2-p_0.1.txt,2,0.0038,1.6532
./instances/synthetic/synth-n_300-m_9436-k_10-p_0.2.txt,10,0.007,1.8451
./instances/complex/biology-n_12-m_45-p_0.5-19,3,0.001,0.0143
./instances/complex/temporalGraph-n_700,26,0.0013,0.0342
./instances/synthetic/synth-n_90-m_486-k_6-p_0.1.txt,6,0.0011,0.1108
./instances/synthetic/synth-n_140-m_632-k_20-p_0.05.txt,16,0.0013,1.4125
./instances/synthetic/synth-n_100-m_1235-k_20-p_0.2.txt,20,0.002,0.4118
./instances/synthetic/synth-n_140-m_2205-k_15-p_0.2.txt,15,0.0023,0.4364
./instances/synthetic/synth-n_160-m_693-k_6-p_0.05.txt,6,0.0016,0.2787
./instances/synthetic/synth-n_200-m_1096-k_6-p_0.05.txt,6,0.002,0.2606
./instances/synthetic/synth-n_80-m_700-k_8-p_0.2.txt,8,0.0015,0.0868
./instances/synthetic/synth-n_80-m_226-k_25-p_0.05.txt,7,0.001,0.1252
./instances/complex/chess-n_1000,60,0.0019,2.0392
./instances/synthetic/synth-n_180-m_1627-k_4-p_0.1.txt,4,0.002,0.1549
./instances/synthetic/synth-n_180-m_881-k_4-p_0.05.txt,4,0.0014,0.0657
./instances/synthetic/synth-n_140-m_2080-k_6-p_0.2.txt,6,0.0026,0.2717
./instances/synthetic/synth-n_300-m_4762-k_8-p_0.1.txt,8,0.0038,3.1015
./instances/synthetic/synth-n_50-m_91-k_6-p_0.05.txt,1,8.0E-4,0.0098
./instances/synthetic/synth-n_60-m_94-k_4-p_0.05.txt,1,7.0E-4,0.0064
./instances/synthetic/synth-n_30-m_73-k_10-p_0.1.txt,4,7.0E-4,0.0139
./instances/synthetic/synth-n_300-m_4893-k_15-p_0.1.txt,15,0.0039,0.6261
./instances/synthetic/synth-n_50-m_139-k_4-p_0.1.txt,2,9.0E-4,0.0122
./instances/synthetic/synth-n_80-m_319-k_4-p_0.1.txt,3,0.001,0.0644
./instances/complex/chess-n_400,10,0.001,0.0153
./instances/complex/biology-n_19-m_99-p_0.5-20,7,7.0E-4,0.0554
./instances/complex/biology-n_22-m_76-p_0.75-9,4,7.0E-4,0.0136
./instances/synthetic/synth-n_275-m_2121-k_25-p_0.05.txt,25,0.0021,16.1553
./instances/complex/usairport-n_100,10,8.0E-4,0.0118
./instances/synthetic/synth-n_60-m_222-k_6-p_0.1.txt,5,0.0017,0.0397
./instances/synthetic/synth-n_40-m_61-k_8-p_0.05.txt,1,7.0E-4,0.0064
./instances/synthetic/synth-n_60-m_428-k_8-p_0.2.txt,8,0.001,0.1201
./instances/complex/maayan_foodweb-n_183-m_2476,11,0.0025,0.031
./instances/synthetic/synth-n_200-m_4591-k_20-p_0.2.txt,20,0.004,1.6574
./instances/synthetic/synth-n_20-m_25-k_2-p_0.1.txt,1,7.0E-4,0.0059
./instances/complex/ucsocial-n_200,24,9.0E-4,0.023
./instances/synthetic/synth-n_40-m_176-k_2-p_0.2.txt,2,7.0E-4,0.0103
./instances/complex/wikispeedia-n_100,6,7.0E-4,0.0041
./instances/synthetic/synth-n_30-m_117-k_10-p_0.2.txt,7,7.0E-4,0.0443
./instances/synthetic/synth-n_120-m_724-k_4-p_0.1.txt,4,0.0022,0.0809
./instances/synthetic/synth-n_160-m_641-k_2-p_0.05.txt,2,0.0012,0.0223
./instances/synthetic/synth-n_160-m_1324-k_2-p_0.1.txt,2,0.0017,0.0551
./instances/synthetic/synth-n_80-m_402-k_20-p_0.1.txt,16,0.0011,0.528
./instances/complex/biology-n_12-m_33-p_0.75-15,3,7.0E-4,0.0089
./instances/synthetic/synth-n_60-m_437-k_10-p_0.2.txt,10,0.001,0.1092
./instances/synthetic/synth-n_225-m_1286-k_2-p_0.05.txt,2,0.0019,0.0587
./instances/synthetic/synth-n_30-m_25-k_2-p_0.05.txt,0,7.0E-4,0.0036
./instances/complex/biology-n_30-m_287-p_0.9-5,10,9.0E-4,0.1304
./instances/synthetic/synth-n_275-m_7718-k_8-p_0.2.txt,8,0.0058,1.4608
./instances/synthetic/synth-n_60-m_124-k_25-p_0.05.txt,6,7.0E-4,0.0253
./instances/complex/link-kv-n_700,166,0.0025,0.8457
./instances/complex/convote,29,0.0013,0.0507
./instances/synthetic/synth-n_200-m_2275-k_15-p_0.1.txt,15,0.0024,0.6502
./instances/complex/biology-n_36-m_219-p_0.5-12,17,9.0E-4,0.212
./instances/synthetic/synth-n_50-m_357-k_20-p_0.2.txt,20,0.001,0.6756
./instances/complex/ChicagoRegional-n_1000,90,0.0011,0.0091
./instances/complex/health-n_400,42,0.0011,0.0181
./instances/synthetic/synth-n_200-m_1115-k_15-p_0.05.txt,15,0.0064,1.6008
./instances/complex/bitcoinalpha-n_200,13,8.0E-4,0.0064
./instances/synthetic/synth-n_200-m_4097-k_2-p_0.2.txt,2,0.004,0.2259
./instances/complex/moreno_sheep-n_28-m_250,8,9.0E-4,0.0366
./instances/synthetic/synth-n_80-m_193-k_6-p_0.05.txt,4,9.0E-4,0.027
./instances/complex/usairport-n_800,191,0.0056,1.3913
./instances/synthetic/synth-n_90-m_273-k_25-p_0.05.txt,11,9.0E-4,0.217
./instances/synthetic/synth-n_50-m_334-k_8-p_0.2.txt,8,0.0014,0.0298
./instances/synthetic/synth-n_250-m_1667-k_8-p_0.05.txt,8,0.002,2.3285
./instances/synthetic/synth-n_100-m_568-k_10-p_0.1.txt,10,0.0012,0.1597
./instances/synthetic/synth-n_160-m_3134-k_30-p_0.2.txt,30,0.0029,1.7718
./instances/complex/GD-n_121-m_207.mtx,43,9.0E-4,0.0096
./instances/synthetic/synth-n_30-m_111-k_8-p_0.2.txt,7,7.0E-4,0.0142
./instances/complex/talk-oc-n_700,2,0.001,0.0063
./instances/synthetic/synth-n_200-m_4629-k_25-p_0.2.txt,25,0.0039,2.8515
./instances/synthetic/synth-n_120-m_871-k_15-p_0.1.txt,15,0.0015,0.7952
./instances/synthetic/synth-n_60-m_243-k_25-p_0.1.txt,14,9.0E-4,0.2661
./instances/synthetic/synth-n_20-m_48-k_2-p_0.2.txt,2,7.0E-4,0.0067
./instances/synthetic/synth-n_90-m_410-k_4-p_0.1.txt,4,0.0011,0.0355
./instances/synthetic/synth-n_250-m_3436-k_15-p_0.1.txt,15,0.003,0.7653
./instances/synthetic/synth-n_180-m_1962-k_25-p_0.1.txt,25,0.002,1.1322
./instances/synthetic/synth-n_100-m_1107-k_6-p_0.2.txt,6,0.0015,0.1329
./instances/synthetic/synth-n_120-m_788-k_6-p_0.1.txt,6,0.0013,0.0862
./instances/synthetic/synth-n_200-m_2488-k_30-p_0.1.txt,30,0.0025,2.7019
./instances/synthetic/synth-n_225-m_1391-k_15-p_0.05.txt,15,0.0018,3.4388
./instances/synthetic/synth-n_180-m_867-k_8-p_0.05.txt,8,0.0014,0.1001
./instances/synthetic/synth-n_30-m_114-k_6-p_0.2.txt,5,9.0E-4,0.0306
./instances/synthetic/synth-n_225-m_5504-k_15-p_0.2.txt,15,0.0046,2.0564
./instances/synthetic/synth-n_70-m_180-k_25-p_0.05.txt,7,9.0E-4,0.1013
./instances/synthetic/synth-n_80-m_222-k_30-p_0.05.txt,12,0.001,0.2368
./instances/synthetic/synth-n_100-m_262-k_6-p_0.05.txt,5,9.0E-4,0.0215
./instances/complex/biology-n_17-m_89-p_0.9-10,4,7.0E-4,0.0236
./instances/complex/openflights-n_700,148,0.003,0.1498
./instances/complex/wikispeedia-n_200,10,8.0E-4,0.0108
./instances/synthetic/synth-n_40-m_112-k_8-p_0.1.txt,6,9.0E-4,0.0174
./instances/complex/biology-n_13-m_39-p_0.5-4,2,7.0E-4,0.0087
./instances/complex/bitcoinalpha-n_1000,149,0.0021,0.1065
./instances/synthetic/synth-n_275-m_3928-k_8-p_0.1.txt,8,0.0035,2.3674
./instances/complex/temporalGraph-n_100,3,7.0E-4,0.0065
./instances/complex/health-n_1000,232,0.0023,0.3932
./instances/synthetic/synth-n_30-m_97-k_2-p_0.2.txt,2,7.0E-4,0.0078
./instances/synthetic/synth-n_160-m_2577-k_2-p_0.2.txt,2,0.0023,0.1203
./instances/synthetic/synth-n_40-m_203-k_8-p_0.2.txt,7,0.001,0.0404
./instances/synthetic/synth-n_50-m_97-k_15-p_0.05.txt,4,7.0E-4,0.0292
./instances/synthetic/synth-n_40-m_92-k_2-p_0.1.txt,2,8.0E-4,0.0065
./instances/synthetic/synth-n_120-m_1530-k_10-p_0.2.txt,10,0.0033,0.2037
./instances/synthetic/synth-n_70-m_156-k_10-p_0.05.txt,4,8.0E-4,0.0469
./instances/complex/advotogo-n_800,79,0.0017,0.0708
./instances/synthetic/synth-n_70-m_553-k_8-p_0.2.txt,8,0.001,0.1429
./instances/synthetic/synth-n_80-m_369-k_8-p_0.1.txt,7,0.001,0.144
./instances/synthetic/synth-n_300-m_10263-k_30-p_0.2.txt,30,0.0077,6.7307
./instances/synthetic/synth-n_70-m_135-k_8-p_0.05.txt,3,9.0E-4,0.0222
./instances/complex/biology-n_29-m_153-p_0.9-21,5,8.0E-4,0.0284
./instances/synthetic/synth-n_60-m_271-k_20-p_0.1.txt,15,9.0E-4,0.8655
./instances/synthetic/synth-n_250-m_1575-k_6-p_0.05.txt,6,0.002,0.6125
./instances/complex/wikispeedia-n_800,110,0.0025,2.3903
./instances/complex/biology-n_23-m_166-p_0.5-17,12,8.0E-4,0.1984
./instances/synthetic/synth-n_70-m_538-k_4-p_0.2.txt,4,0.0011,0.0694
./instances/synthetic/synth-n_30-m_60-k_2-p_0.1.txt,1,0.0011,0.0048
./instances/synthetic/synth-n_160-m_1447-k_15-p_0.1.txt,15,0.0017,0.7001
./instances/synthetic/synth-n_160-m_2611-k_4-p_0.2.txt,4,0.003,0.2031
./instances/synthetic/synth-n_180-m_895-k_20-p_0.05.txt,19,0.0013,2.5954
./instances/synthetic/synth-n_180-m_1717-k_8-p_0.1.txt,8,0.002,0.1995
./instances/synthetic/synth-n_90-m_855-k_6-p_0.2.txt,6,0.0013,0.2256
./instances/synthetic/synth-n_70-m_258-k_2-p_0.1.txt,2,0.001,0.0171
./instances/synthetic/synth-n_80-m_170-k_4-p_0.05.txt,0,7.0E-4,0.0045
./instances/synthetic/synth-n_80-m_214-k_20-p_0.05.txt,10,8.0E-4,0.3091
./instances/synthetic/synth-n_200-m_4241-k_6-p_0.2.txt,6,0.0036,2.4616
./instances/complex/biology-n_36-m_219-p_0.9-12,9,9.0E-4,0.042
./instances/complex/ChicagoRegional-n_500,21,0.001,0.005
./instances/complex/temporalGraph-n_1000,45,0.0021,0.1087
./instances/complex/ChicagoRegional-n_300,8,6.0E-4,0.0033
./instances/complex/biology-n_12-m_43-p_0.5-25,4,6.0E-4,0.0156
./instances/complex/biology-n_16-m_79-p_0.5-3,6,6.0E-4,0.0661
./instances/synthetic/synth-n_140-m_1046-k_6-p_0.1.txt,6,0.0014,0.3664
./instances/synthetic/synth-n_90-m_188-k_2-p_0.05.txt,0,8.0E-4,0.0047
./instances/complex/openflights-n_800,179,0.0025,0.2129
./instances/synthetic/synth-n_225-m_5291-k_8-p_0.2.txt,8,0.0038,0.3495
./instances/complex/biology-n_45-m_326-p_0.9-16,14,9.0E-4,0.1655
./instances/synthetic/synth-n_20-m_58-k_4-p_0.2.txt,4,6.0E-4,0.0141
./instances/complex/biology-n_9-m_23-p_0.9-1,1,6.0E-4,0.0051
./instances/synthetic/synth-n_60-m_114-k_6-p_0.05.txt,2,7.0E-4,0.0106
./instances/complex/GD-n_62-m_287.mtx,38,9.0E-4,0.0201
./instances/synthetic/synth-n_200-m_4270-k_8-p_0.2.txt,8,0.0031,0.4931
./instances/complex/GD-n_36-m_57.mtx,5,7.0E-4,0.0116
./instances/complex/polbooks-n_105-m_441.mtx,0,0.001,0.0052
./instances/synthetic/synth-n_40-m_47-k_6-p_0.05.txt,0,6.0E-4,0.0031
./instances/complex/biology-n_59-m_624-p_0.9-1,22,0.001,0.9331
./instances/synthetic/synth-n_250-m_3387-k_10-p_0.1.txt,10,0.0032,2.8823
./instances/synthetic/synth-n_250-m_3199-k_8-p_0.1.txt,8,0.0029,2.2031
./instances/complex/temporalGraph-n_300,7,0.0011,0.0139
./instances/complex/biology-n_22-m_76-p_0.5-9,4,0.001,0.0241
./instances/synthetic/synth-n_50-m_278-k_4-p_0.2.txt,4,0.001,0.0308
./instances/synthetic/synth-n_180-m_3690-k_20-p_0.2.txt,20,0.0036,1.7381
./instances/complex/openflights-n_200,24,0.0011,0.011
./instances/synthetic/synth-n_140-m_2149-k_8-p_0.2.txt,8,0.0023,0.4471
./instances/synthetic/synth-n_80-m_305-k_2-p_0.1.txt,1,0.001,0.0169
./instances/synthetic/synth-n_200-m_2356-k_25-p_0.1.txt,25,0.0023,1.5098
./instances/synthetic/synth-n_250-m_6493-k_6-p_0.2.txt,6,0.0054,2.3336
./instances/synthetic/synth-n_300-m_4664-k_6-p_0.1.txt,6,0.0047,0.8623
./instances/synthetic/synth-n_120-m_1825-k_25-p_0.2.txt,25,0.0019,0.8917
./instances/synthetic/synth-n_70-m_591-k_6-p_0.2.txt,6,0.0011,0.0653
./instances/complex/biology-n_12-m_45-p_0.75-19,3,0.001,0.0129
./instances/complex/ucsocial-n_800,183,0.0029,0.4218
./instances/synthetic/synth-n_80-m_186-k_8-p_0.05.txt,3,9.0E-4,0.0202
./instances/complex/biology-n_20-m_125-p_0.75-24,9,7.0E-4,0.1162
./instances/synthetic/synth-n_30-m_64-k_8-p_0.1.txt,3,7.0E-4,0.0096
./instances/synthetic/synth-n_275-m_4399-k_25-p_0.1.txt,25,0.0036,1.7178
./instances/synthetic/synth-n_50-m_159-k_10-p_0.1.txt,8,8.0E-4,0.0357
./instances/synthetic/synth-n_180-m_3408-k_6-p_0.2.txt,6,0.0029,0.815
./instances/complex/biology-n_28-m_249-p_0.9-8,6,0.001,0.0345
./instances/synthetic/synth-n_300-m_2495-k_25-p_0.05.txt,25,0.0026,9.0638
./instances/synthetic/synth-n_80-m_169-k_10-p_0.05.txt,6,7.0E-4,0.0344
./instances/complex/bitcoinalpha-n_500,59,0.001,0.0298
./instances/complex/bitcoinalpha-n_800,91,0.0013,0.0391
./instances/synthetic/synth-n_120-m_455-k_15-p_0.05.txt,10,0.001,0.2864
./instances/synthetic/synth-n_70-m_645-k_20-p_0.2.txt,20,0.0011,0.3909
./instances/complex/biology-n_12-m_33-p_0.9-15,3,7.0E-4,0.0088
./instances/synthetic/synth-n_100-m_346-k_30-p_0.05.txt,17,9.0E-4,2.6709
./instances/synthetic/synth-n_80-m_189-k_15-p_0.05.txt,6,9.0E-4,0.074
./instances/complex/health-n_500,80,0.0013,0.0289
./instances/synthetic/synth-n_200-m_4411-k_15-p_0.2.txt,15,0.0035,1.4336
./instances/complex/chess-n_300,4,8.0E-4,0.0049
./instances/synthetic/synth-n_275-m_3815-k_6-p_0.1.txt,6,0.0034,2.4002
./instances/complex/biology-n_17-m_89-p_0.75-10,6,7.0E-4,0.0392
./instances/complex/biology-n_25-m_231-p_0.5-6,13,0.001,0.3365
./instances/synthetic/synth-n_60-m_196-k_4-p_0.1.txt,4,0.001,0.0359
./instances/synthetic/synth-n_100-m_1231-k_25-p_0.2.txt,25,0.0016,0.6042
./instances/synthetic/synth-n_120-m_1775-k_20-p_0.2.txt,20,0.002,0.6549
./instances/synthetic/synth-n_200-m_4160-k_10-p_0.2.txt,10,0.0046,0.7229
./instances/synthetic/synth-n_180-m_1958-k_15-p_0.1.txt,15,0.0021,0.2915
./instances/synthetic/synth-n_10-m_12-k_2-p_0.2.txt,0,7.0E-4,0.0039
./instances/synthetic/synth-n_275-m_8461-k_30-p_0.2.txt,30,0.0064,6.6003
./instances/synthetic/synth-n_300-m_9050-k_4-p_0.2.txt,4,0.008,1.0951
./instances/synthetic/synth-n_20-m_20-k_4-p_0.1.txt,0,8.0E-4,0.0053
./instances/synthetic/synth-n_120-m_790-k_10-p_0.1.txt,10,0.0013,0.1049
./instances/synthetic/synth-n_300-m_2561-k_30-p_0.05.txt,30,0.0025,18.5733
./instances/complex/GD-n_84-m_196.mtx,0,8.0E-4,0.0048
./instances/synthetic/synth-n_200-m_1093-k_4-p_0.05.txt,4,0.0014,0.2089
./instances/complex/wikispeedia-n_1000,162,0.003,3.5512
./instances/complex/health-n_200,16,8.0E-4,0.0104
./instances/synthetic/synth-n_300-m_5040-k_25-p_0.1.txt,25,0.005,5.9153
./instances/synthetic/synth-n_300-m_2480-k_20-p_0.05.txt,20,0.0026,1.3263
./instances/synthetic/synth-n_70-m_191-k_30-p_0.05.txt,10,8.0E-4,0.1184
./instances/synthetic/synth-n_275-m_1895-k_2-p_0.05.txt,2,0.0021,0.07
./instances/complex/openflights-n_300,37,9.0E-4,0.0202
./instances/synthetic/synth-n_120-m_1409-k_2-p_0.2.txt,2,0.0016,0.1494
./instances/complex/biology-n_23-m_166-p_0.9-17,6,0.0011,0.0392
./instances/synthetic/synth-n_300-m_4565-k_4-p_0.1.txt,4,0.006,0.8331
./instances/synthetic/synth-n_90-m_327-k_30-p_0.05.txt,14,0.001,2.3143
./instances/complex/biology-n_36-m_219-p_0.75-12,14,0.001,0.1395
./instances/synthetic/synth-n_120-m_482-k_25-p_0.05.txt,17,0.0011,1.1336
./instances/synthetic/synth-n_200-m_4165-k_4-p_0.2.txt,4,0.0039,0.2983
./instances/synthetic/synth-n_90-m_269-k_15-p_0.05.txt,9,9.0E-4,0.5988
./instances/complex/biology-n_35-m_315-p_0.9-18,10,0.001,0.1884
./instances/synthetic/synth-n_160-m_1523-k_20-p_0.1.txt,20,0.0018,0.493
./instances/complex/biology-n_49-m_689-p_0.9-14,19,0.0013,2.227
./instances/synthetic/synth-n_225-m_5223-k_4-p_0.2.txt,4,0.0042,0.3053
./instances/synthetic/synth-n_250-m_1710-k_15-p_0.05.txt,15,0.0022,1.9989
./instances/complex/biology-n_20-m_125-p_0.5-24,8,8.0E-4,0.0613
./instances/synthetic/synth-n_50-m_154-k_8-p_0.1.txt,6,8.0E-4,0.0577
./instances/synthetic/synth-n_120-m_1520-k_4-p_0.2.txt,4,0.0017,0.157
./instances/synthetic/synth-n_160-m_1409-k_10-p_0.1.txt,10,0.0017,0.642
./instances/complex/temporalGraph-n_800,33,0.0018,0.0543
./instances/complex/ucsocial-n_1000,253,0.0047,1.0412
./instances/synthetic/synth-n_160-m_731-k_10-p_0.05.txt,10,0.0012,0.4151
./instances/synthetic/synth-n_250-m_6262-k_2-p_0.2.txt,2,0.0049,0.4015
./instances/synthetic/synth-n_250-m_3124-k_4-p_0.1.txt,4,0.0032,2.0446
./instances/synthetic/synth-n_50-m_195-k_15-p_0.1.txt,8,8.0E-4,0.0816
./instances/complex/moreno_innovation-n_241-m_1098,79,0.0015,0.2532
./instances/complex/biology-n_19-m_99-p_0.9-20,3,7.0E-4,0.0147
./instances/synthetic/synth-n_225-m_5936-k_30-p_0.2.txt,30,0.0054,2.5444
./instances/complex/biology-n_20-m_125-p_0.5-7,9,8.0E-4,0.1217
./instances/synthetic/synth-n_180-m_902-k_10-p_0.05.txt,10,0.0015,0.8768
./instances/synthetic/synth-n_250-m_1757-k_20-p_0.05.txt,20,0.0022,3.3671
./instances/complex/talk-oc-n_400,1,7.0E-4,0.0041
./instances/complex/biology-n_12-m_43-p_0.75-25,3,6.0E-4,0.0128
./instances/synthetic/synth-n_180-m_3631-k_15-p_0.2.txt,15,0.0031,0.99
./instances/complex/bitcoinalpha-n_100,5,8.0E-4,0.0039
./instances/complex/ucsocial-n_300,44,0.0011,0.091
./instances/synthetic/synth-n_275-m_8401-k_20-p_0.2.txt,20,0.0069,4.3617
./instances/complex3/health-n_50,2,7.0E-4,0.0044
./instances/complex3/talk-oc-n_50,0,0.0,2.0E-4
./instances/complex3/temporalGraph-n_50,3,7.0E-4,0.0036
./instances/synthetic3/synth-n_50-m_139-k_5-p_0.1.txt,1,0.001,0.0132
./instances/complex3/link-kv-n_100,8,7.0E-4,0.0104
./instances/complex3/bitcoinalpha-n_200,11,8.0E-4,0.0051
./instances/complex3/ucsocial-n_50,3,6.0E-4,0.0038
./instances/synthetic3/synth-n_50-m_143-k_10-p_0.1.txt,5,0.001,0.0307
./instances/complex3/link-kv-n_500,83,0.0016,0.1081
./instances/complex3/talk-oc-n_1500,15,0.001,0.0187
./instances/complex3/ChicagoRegional-n_3000,631,0.0025,0.1121
./instances/complex3/openflights-n_1000,201,0.0028,0.2901
./instances/synthetic3/synth-n_200-m_2199-k_10-p_0.1.txt,10,0.0037,0.3854
./instances/synthetic3/synth-n_250-m_1806-k_20-p_0.05.txt,20,0.002,4.489
./instances/synthetic3/synth-n_250-m_3416-k_15-p_0.1.txt,15,0.0032,0.7946
./instances/synthetic3/synth-n_300-m_4857-k_15-p_0.1.txt,15,0.0043,0.7
./instances/complex3/ChicagoRegional-n_8000,3028,0.014,5.3868
./instances/synthetic3/synth-n_250-m_7102-k_25-p_0.2.txt,25,0.0102,3.7347
./instances/synthetic3/synth-n_500-m_6745-k_25-p_0.05.txt,25,0.0056,6.0577
./instances/complex3/wikispeedia-n_100,0,6.0E-4,0.0037
./instances/complex3/link-kv-n_200,20,7.0E-4,0.008
./instances/complex3/talk-oc-n_200,0,6.0E-4,0.0034
./instances/complex3/ucsocial-n_500,80,0.0014,0.2342
./instances/complex3/openflights-n_1500,413,0.0059,6.4136
./instances/complex3/advotogo-n_1500,215,0.0045,2.818
./instances/synthetic3/synth-n_200-m_2169-k_15-p_0.1.txt,15,0.0026,2.0723
./instances/complex3/bitcoinalpha-n_3000,658,0.0213,6.0741
./instances/synthetic3/synth-n_400-m_4229-k_20-p_0.05.txt,20,0.0035,5.7254
./instances/synthetic3/synth-n_300-m_5319-k_30-p_0.1.txt,30,0.0042,1.7615
./instances/complex3/link-kv-n_50,0,6.0E-4,0.0031
./instances/complex3/ucsocial-n_200,23,7.0E-4,0.0156
./instances/complex3/health-n_100,4,6.0E-4,0.0035
./instances/synthetic3/synth-n_150-m_1269-k_15-p_0.1.txt,15,0.0015,0.3453
./instances/complex3/advotogo-n_3000,548,0.0127,99.2444
./instances/synthetic3/synth-n_150-m_2446-k_10-p_0.2.txt,10,0.0023,0.2384
./instances/synthetic3/synth-n_500-m_13672-k_25-p_0.1.txt,25,0.0107,9.7171
./instances/synthetic3/synth-n_200-m_2369-k_25-p_0.1.txt,25,0.0024,2.004
./instances/complex3/ChicagoRegional-n_9000,-1,0.0315,180.0
./instances/synthetic3/synth-n_200-m_4763-k_25-p_0.2.txt,25,0.0071,3.7508
./instances/complex3/ChicagoRegional-n_200,5,7.0E-4,0.0043
./instances/complex3/temporalGraph-n_500,17,0.001,0.0377
./instances/complex3/blogs-n_50,6,7.0E-4,0.0071
./instances/complex3/temporalGraph-n_100,0,7.0E-4,0.003
./instances/complex3/blogs-n_200,16,0.001,0.0326
./instances/complex3/ChicagoRegional-n_10000,-1,0.0219,180.0
./instances/complex3/advotogo-n_1000,127,0.0023,0.238
./instances/synthetic3/synth-n_150-m_630-k_15-p_0.05.txt,15,0.0012,1.8624
./instances/synthetic3/synth-n_300-m_10113-k_25-p_0.2.txt,25,0.0082,5.4592
./instances/complex3/blogs-n_500,76,0.0029,2.108
./instances/synthetic3/synth-n_300-m_10954-k_50-p_0.2.txt,50,0.0081,23.3996
./instances/complex3/health-n_200,17,8.0E-4,0.0057
./instances/synthetic3/synth-n_250-m_1653-k_10-p_0.05.txt,10,0.002,1.5318
./instances/complex3/talk-oc-n_3000,29,0.0044,0.2527
./instances/synthetic3/synth-n_300-m_2373-k_15-p_0.05.txt,15,0.0024,3.4337
./instances/synthetic3/synth-n_150-m_2502-k_15-p_0.2.txt,15,0.0072,0.8488
./instances/synthetic3/synth-n_250-m_3493-k_25-p_0.1.txt,25,0.0036,1.5751
./instances/synthetic3/synth-n_300-m_4954-k_20-p_0.1.txt,20,0.0083,3.7722
./instances/synthetic3/synth-n_250-m_6839-k_20-p_0.2.txt,20,0.0057,1.5003
./instances/complex3/bitcoinalpha-n_100,2,7.0E-4,0.0052
./instances/synthetic3/synth-n_500-m_13283-k_20-p_0.1.txt,20,0.0104,7.7075
./instances/complex3/ChicagoRegional-n_5000,1484,0.0067,0.5419
./instances/synthetic3/synth-n_200-m_4301-k_10-p_0.2.txt,10,0.0056,0.9396
./instances/synthetic3/synth-n_400-m_18943-k_50-p_0.2.txt,50,0.015,48.2524
./instances/complex3/blogs-n_100,8,0.0029,0.0757
./instances/synthetic3/synth-n_300-m_10205-k_30-p_0.2.txt,30,0.0085,5.7401
./instances/synthetic3/synth-n_300-m_2470-k_20-p_0.05.txt,20,0.0063,3.3084
./instances/synthetic3/synth-n_150-m_1284-k_20-p_0.1.txt,20,0.0046,1.4893
./instances/synthetic3/synth-n_500-m_26954-k_25-p_0.2.txt,25,0.0298,26.4068
./instances/synthetic3/synth-n_400-m_17822-k_30-p_0.2.txt,30,0.0112,13.0467
./instances/synthetic3/synth-n_300-m_9556-k_15-p_0.2.txt,15,0.0122,2.7961
./instances/complex3/usairport-n_100,13,0.0025,0.0442
./instances/complex3/temporalGraph-n_1500,77,0.0085,0.2122
./instances/synthetic3/synth-n_250-m_3730-k_30-p_0.1.txt,30,0.0032,3.9604
./instances/synthetic3/synth-n_300-m_2597-k_25-p_0.05.txt,25,0.0029,9.3694
./instances/synthetic3/synth-n_700-m_26060-k_25-p_0.1.txt,25,0.021,37.7562
./instances/synthetic3/synth-n_250-m_6880-k_15-p_0.2.txt,15,0.0069,2.2908
./instances/synthetic3/synth-n_500-m_26431-k_20-p_0.2.txt,20,0.0247,15.2536
./instances/complex3/temporalGraph-n_200,5,0.0018,0.0334
./instances/synthetic3/synth-n_300-m_10021-k_20-p_0.2.txt,20,0.0171,6.218
./instances/complex3/health-n_1500,446,0.0049,3.9506
./instances/synthetic3/synth-n_50-m_164-k_15-p_0.1.txt,9,8.0E-4,0.117
./instances/complex3/openflights-n_2000,593,0.0098,10.3956
./instances/complex3/chess-n_100,0,8.0E-4,0.0042
./instances/synthetic3/synth-n_500-m_28432-k_50-p_0.2.txt,50,0.0297,90.3967
./instances/complex3/usairport-n_500,112,0.0027,2.2943
./instances/synthetic3/synth-n_1000-m_27142-k_50-p_0.05.txt,50,0.0191,32.2844
./instances/synthetic3/synth-n_100-m_611-k_10-p_0.1.txt,10,0.0011,0.4045
./instances/synthetic3/synth-n_150-m_1385-k_25-p_0.1.txt,25,0.0016,2.0681
./instances/synthetic3/synth-n_400-m_8815-k_25-p_0.1.txt,25,0.0114,3.0777
./instances/synthetic3/synth-n_700-m_27622-k_50-p_0.1.txt,50,0.0208,33.628
./instances/complex3/bitcoinalpha-n_50,2,7.0E-4,0.004
./instances/complex3/talk-oc-n_500,3,6.0E-4,0.0033
./instances/synthetic3/synth-n_100-m_1151-k_15-p_0.2.txt,15,0.0016,0.2816
./instances/synthetic3/synth-n_700-m_28433-k_70-p_0.1.txt,70,0.0201,116.4612
./instances/synthetic3/synth-n_150-m_1254-k_10-p_0.1.txt,10,0.0199,1.3348
./instances/synthetic3/synth-n_200-m_1076-k_10-p_0.05.txt,10,0.0054,2.4347
./instances/synthetic3/synth-n_150-m_634-k_10-p_0.05.txt,7,0.0012,0.3317
./instances/synthetic3/synth-n_500-m_14453-k_50-p_0.1.txt,50,0.019,25.5767
./instances/synthetic3/synth-n_250-m_1797-k_25-p_0.05.txt,25,0.0073,5.554
./instances/synthetic3/synth-n_100-m_343-k_25-p_0.05.txt,14,0.0013,0.3817
./instances/synthetic3/synth-n_200-m_1245-k_25-p_0.05.txt,24,0.0019,5.5352
./instances/complex3/health-n_1000,231,0.0028,0.2379
./instances/synthetic3/synth-n_700-m_13000-k_25-p_0.05.txt,25,0.0105,10.0429
./instances/complex3/ChicagoRegional-n_2000,307,0.0016,0.036
./instances/synthetic3/synth-n_400-m_9014-k_30-p_0.1.txt,30,0.0066,3.2085
./instances/synthetic3/synth-n_300-m_4934-k_25-p_0.1.txt,25,0.0087,2.4958
./instances/complex3/advotogo-n_50,0,0.0,3.0E-4
./instances/synthetic3/synth-n_500-m_6986-k_30-p_0.05.txt,30,0.0097,5.3522
./instances/synthetic3/synth-n_1000-m_54531-k_50-p_0.1.txt,-1,0.048,180.0
./instances/complex3/ChicagoRegional-n_1500,181,0.0014,0.0173
./instances/synthetic3/synth-n_500-m_29623-k_70-p_0.2.txt,70,0.021,120.0122
./instances/complex3/health-n_500,67,0.0014,0.0477
./instances/synthetic3/synth-n_100-m_302-k_15-p_0.05.txt,8,0.0012,0.096
./instances/complex3/bitcoinalpha-n_1000,136,0.0021,0.1134
./instances/synthetic3/synth-n_700-m_52169-k_30-p_0.2.txt,30,0.0472,68.4069
./instances/synthetic3/synth-n_50-m_325-k_15-p_0.2.txt,15,9.0E-4,0.5957
./instances/synthetic3/synth-n_50-m_92-k_20-p_0.05.txt,2,8.0E-4,0.0205
./instances/complex3/advotogo-n_500,39,0.0011,0.0253
./instances/synthetic3/synth-n_500-m_27136-k_30-p_0.2.txt,30,0.0194,27.2225
./instances/synthetic3/synth-n_100-m_628-k_20-p_0.1.txt,20,0.0022,0.308
./instances/synthetic3/synth-n_1300-m_46137-k_70-p_0.05.txt,-1,0.0633,180.0
./instances/complex3/ucsocial-n_1000,258,0.005,3.11
./instances/complex3/usairport-n_1000,253,0.0072,7.4637
./instances/complex3/ChicagoRegional-n_100,1,7.0E-4,0.0042
./instances/synthetic3/synth-n_1300-m_45241-k_50-p_0.05.txt,50,0.0364,131.8568
./instances/synthetic3/synth-n_100-m_336-k_30-p_0.05.txt,15,0.0035,0.3546
./instances/synthetic3/synth-n_700-m_13374-k_30-p_0.05.txt,30,0.0098,11.5272
./instances/synthetic3/synth-n_400-m_19735-k_70-p_0.2.txt,70,0.0192,76.7579
./instances/synthetic3/synth-n_100-m_1263-k_25-p_0.2.txt,25,0.0037,0.9055
./instances/synthetic3/synth-n_50-m_72-k_5-p_0.05.txt,2,8.0E-4,0.0095
./instances/synthetic3/synth-n_1300-m_95352-k_100-p_0.1.txt,-1,0.0688,180.0
./instances/synthetic3/synth-n_1300-m_92255-k_70-p_0.1.txt,-1,0.069,180.0
./instances/synthetic3/synth-n_200-m_4485-k_20-p_0.2.txt,20,0.0037,2.3141
./instances/synthetic3/synth-n_1300-m_89669-k_50-p_0.1.txt,-1,0.0693,180.0
./instances/synthetic3/synth-n_100-m_1229-k_20-p_0.2.txt,20,0.0018,0.3848
./instances/synthetic3/synth-n_1600-m_68907-k_70-p_0.05.txt,-1,0.0693,180.0
./instances/complex3/link-kv-n_1500,391,0.0062,38.0202
./instances/complex3/temporalGraph-n_1000,40,0.0023,0.0952
./instances/synthetic3/synth-n_250-m_1708-k_15-p_0.05.txt,15,0.0021,3.5936
./instances/complex3/ucsocial-n_100,5,0.001,0.0045
./instances/synthetic3/synth-n_50-m_95-k_15-p_0.05.txt,4,0.001,0.0267
./instances/synthetic3/synth-n_1600-m_137884-k_70-p_0.1.txt,-1,0.0926,180.0